relative_path,directory,filename,extension,size_bytes,modified_at,file_hash,preliminary_category,priority,duplicate_status,document_group,notes
Apresentação de conjuntura/ATR_Conjuntura_2025.12.pptx,Apresentação de conjuntura,ATR_Conjuntura_2025.12.pptx,pptx,960815,2026-09-22T11:18:42Z,20fb9a49f4f546bc63fd7e7492815065,apresentação de conjuntura,P1,unico,conjuntura-4T2025-atual,
Apresentação de conjuntura/ATR_Reforma trabalhista_dezembro2021 (2).pptx,Apresentação de conjuntura,ATR_Reforma trabalhista_dezembro2021 (2).pptx,pptx,3648442,2026-09-22T11:18:42Z,b0c70d53f1da6cd2941bc1d63ad25407,reforma trabalhista,P3,POSSIVEL_VERSAO,reforma-trabalhista-dez2021,
Apresentação de conjuntura/ATR_Reforma trabalhista_dezembro2021.pptx,Apresentação de conjuntura,ATR_Reforma trabalhista_dezembro2021.pptx,pptx,3648442,2026-09-22T11:18:42Z,208358d1271561f85d389e9742c59dd1,reforma trabalhista,P2,POSSIVEL_VERSAO,reforma-trabalhista-dez2021,
Apresentação de conjuntura/Apresentação_Conjuntura_4T_2025.xlsx,Apresentação de conjuntura,Apresentação_Conjuntura_4T_2025.xlsx,xlsx,457708,2026-09-22T11:18:42Z,a5f687a1f95f18cdcf541f6a9ab5a5b4,análise de conjuntura,P1,POSSIVEL_VERSAO,conjuntura-4T2025-atual,
Apresentação de conjuntura/Backup/Dados_2025.03/Dados Brutos/202502_Tabelas_de_estatisticas_monetarias_e_de_credito.xlsx,Apresentação de conjuntura/Backup/Dados_2025.03/Dados Brutos,202502_Tabelas_de_estatisticas_monetarias_e_de_credito.xlsx,xlsx,995096,2026-09-22T11:18:42Z,9be8ae573af7677232e51f6debe3eac5,crédito e juros,P2,BACKUP_APARENTE,snapshot-2025-03,
Apresentação de conjuntura/Backup/Dados_2025.03/Dados Brutos/20741.csv,Apresentação de conjuntura/Backup/Dados_2025.03/Dados Brutos,20741.csv,csv,334,2026-09-22T11:18:42Z,8533cca999660863dd93f54651d4acb0,bases e planilhas,P2,POSSIVEL_VERSAO;BACKUP_APARENTE,snapshot-2025-03,
Apresentação de conjuntura/Backup/Dados_2025.03/Dados Brutos/20742.csv,Apresentação de conjuntura/Backup/Dados_2025.03/Dados Brutos,20742.csv,csv,2083,2026-09-22T11:18:42Z,d75366ba8aee413c721425dbc959babf,bases e planilhas,P2,POSSIVEL_VERSAO;BACKUP_APARENTE,snapshot-2025-03,
Apresentação de conjuntura/Backup/Dados_2025.03/Dados Brutos/20747.csv,Apresentação de conjuntura/Backup/Dados_2025.03/Dados Brutos,20747.csv,csv,338,2026-09-22T11:18:42Z,498fdb8219cfaa46c7da256b505979a8,bases e planilhas,P2,POSSIVEL_VERSAO;BACKUP_APARENTE,snapshot-2025-03,
Apresentação de conjuntura/Backup/Dados_2025.03/Dados Brutos/20749.csv,Apresentação de conjuntura/Backup/Dados_2025.03/Dados Brutos,20749.csv,csv,327,2026-09-22T11:18:42Z,ff16b397ae64ca9adcf934d1185b2e1d,bases e planilhas,P2,POSSIVEL_VERSAO;BACKUP_APARENTE,snapshot-2025-03,
Apresentação de conjuntura/Backup/Dados_2025.03/Dados Brutos/20772.csv,Apresentação de conjuntura/Backup/Dados_2025.03/Dados Brutos,20772.csv,csv,358,2026-09-22T11:18:42Z,776968047219dc7df2169565e9ccb3cf,bases e planilhas,P2,POSSIVEL_VERSAO;BACKUP_APARENTE,snapshot-2025-03,
Apresentação de conjuntura/Backup/Dados_2025.03/Dados Brutos/22019.csv,Apresentação de conjuntura/Backup/Dados_2025.03/Dados Brutos,22019.csv,csv,347,2026-09-22T11:18:42Z,a7998abbf47db7cc43b8bca1fc6f9a4a,bases e planilhas,P2,POSSIVEL_VERSAO;BACKUP_APARENTE,snapshot-2025-03,
Apresentação de conjuntura/Backup/Dados_2025.03/Dados Brutos/22022.csv,Apresentação de conjuntura/Backup/Dados_2025.03/Dados Brutos,22022.csv,csv,345,2026-09-22T11:18:42Z,0e5de387d6fafe10babadd4feaea2df6,bases e planilhas,P2,POSSIVEL_VERSAO;BACKUP_APARENTE,snapshot-2025-03,
Apresentação de conjuntura/Backup/Dados_2025.03/Dados Brutos/Dem_Reserva_Inter_01_25.csv,Apresentação de conjuntura/Backup/Dados_2025.03/Dados Brutos,Dem_Reserva_Inter_01_25.csv,csv,1653,2026-09-22T11:18:42Z,770bd6adb8f63689d02de0569259b7dc,crédito e juros,P2,BACKUP_APARENTE,snapshot-2025-03,
Apresentação de conjuntura/Backup/Dados_2025.03/Dados Brutos/Demon_Reserva_Inter_01_25.xlsx,Apresentação de conjuntura/Backup/Dados_2025.03/Dados Brutos,Demon_Reserva_Inter_01_25.xlsx,xlsx,108422,2026-09-22T11:18:42Z,8d91c4d779b2192ea4587e2293f7ccf9,crédito e juros,P2,BACKUP_APARENTE,snapshot-2025-03,
Apresentação de conjuntura/Backup/Dados_2025.03/Dados Brutos/Novo_Caged_01_25.xlsx,Apresentação de conjuntura/Backup/Dados_2025.03/Dados Brutos,Novo_Caged_01_25.xlsx,xlsx,37748440,2026-09-22T11:18:42Z,0604b122fe3d59b6380d3116abe6ce1b,mercado de trabalho,P2,BACKUP_APARENTE,snapshot-2025-03,
Apresentação de conjuntura/Backup/Dados_2025.03/Dados Brutos/PIB_2024.xlsx,Apresentação de conjuntura/Backup/Dados_2025.03/Dados Brutos,PIB_2024.xlsx,xlsx,389715,2026-09-22T11:18:42Z,4e636171d9d04d102e530ce568afdc0e,atividade econômica,P2,BACKUP_APARENTE,snapshot-2025-03,
Apresentação de conjuntura/Backup/Dados_2025.03/Dados Brutos/inpc_itens.xlsx,Apresentação de conjuntura/Backup/Dados_2025.03/Dados Brutos,inpc_itens.xlsx,xlsx,10964,2026-09-22T11:18:42Z,3edee21d658e3770d40fbbc615a5d4ad,inflação e custo de vida,P2,POSSIVEL_VERSAO;BACKUP_APARENTE,snapshot-2025-03,
Apresentação de conjuntura/Backup/Dados_2025.03/Dados Brutos/peic_link_download_202502.xlsx,Apresentação de conjuntura/Backup/Dados_2025.03/Dados Brutos,peic_link_download_202502.xlsx,xlsx,191624,2026-09-22T11:18:42Z,0e870d26e06483b5d193a1c99fabc7e4,bases e planilhas,P2,BACKUP_APARENTE,snapshot-2025-03,
Apresentação de conjuntura/Backup/Dados_2025.03/Dados Brutos/pib_demanda_interna.xlsx,Apresentação de conjuntura/Backup/Dados_2025.03/Dados Brutos,pib_demanda_interna.xlsx,xlsx,18138,2026-09-22T11:18:42Z,ed1916b6ca77ed3143f457d1819a9bae,atividade econômica,P2,BACKUP_APARENTE,snapshot-2025-03,
Apresentação de conjuntura/Backup/Dados_2025.03/Dados Brutos/pib_industria_sazonal.xlsx,Apresentação de conjuntura/Backup/Dados_2025.03/Dados Brutos,pib_industria_sazonal.xlsx,xlsx,18187,2026-09-22T11:18:42Z,150ad176eee78d5d86c8dc80f7114775,atividade econômica,P2,BACKUP_APARENTE,snapshot-2025-03,
Apresentação de conjuntura/Backup/Dados_2025.03/Dados Brutos/pib_oferta.xlsx,Apresentação de conjuntura/Backup/Dados_2025.03/Dados Brutos,pib_oferta.xlsx,xlsx,17638,2026-09-22T11:18:42Z,ac00f72ef705fd0c068d0523aa92e19d,atividade econômica,P2,BACKUP_APARENTE,snapshot-2025-03,
Apresentação de conjuntura/Backup/Dados_2025.03/Dados Brutos/pib_oferta_interna.xlsx,Apresentação de conjuntura/Backup/Dados_2025.03/Dados Brutos,pib_oferta_interna.xlsx,xlsx,17043,2026-09-22T11:18:42Z,54aadcf62c63b13c8f9f93a8aa8713b4,atividade econômica,P2,BACKUP_APARENTE,snapshot-2025-03,
Apresentação de conjuntura/Backup/Dados_2025.03/Dados Brutos/pib_t3.xlsx,Apresentação de conjuntura/Backup/Dados_2025.03/Dados Brutos,pib_t3.xlsx,xlsx,10780,2026-09-22T11:18:43Z,f8686805d8b4b528fd842e4116c5366f,atividade econômica,P2,BACKUP_APARENTE,snapshot-2025-03,
Apresentação de conjuntura/Backup/Dados_2025.03/Dados Brutos/pib_trimestral.xlsx,Apresentação de conjuntura/Backup/Dados_2025.03/Dados Brutos,pib_trimestral.xlsx,xlsx,6247,2026-09-22T11:18:43Z,87d37722aaa650c3ee6d4a5dceb98a92,atividade econômica,P2,BACKUP_APARENTE,snapshot-2025-03,
Apresentação de conjuntura/Backup/Dados_2025.03/Dados Brutos/pim_num_ind.xlsx,Apresentação de conjuntura/Backup/Dados_2025.03/Dados Brutos,pim_num_ind.xlsx,xlsx,13328,2026-09-22T11:18:43Z,9adb71edaebf6c0595fdc018a61e5333,indústria,P2,BACKUP_APARENTE,snapshot-2025-03,
Apresentação de conjuntura/Backup/Dados_2025.03/Dados Brutos/pmc_03_2025.xlsx,Apresentação de conjuntura/Backup/Dados_2025.03/Dados Brutos,pmc_03_2025.xlsx,xlsx,6199,2026-09-22T11:18:43Z,357876a1cf8937e4fc167a3060d62326,comércio,P2,BACKUP_APARENTE,snapshot-2025-03,
Apresentação de conjuntura/Backup/Dados_2025.03/Dados Brutos/pmc_ind_sazonal.xlsx,Apresentação de conjuntura/Backup/Dados_2025.03/Dados Brutos,pmc_ind_sazonal.xlsx,xlsx,6384,2026-09-22T11:18:43Z,bce39d55a88b407b6a14aa54daf5b823,comércio,P2,BACKUP_APARENTE,snapshot-2025-03,
Apresentação de conjuntura/Backup/Dados_2025.03/Dados Brutos/pmc_num_ind.xlsx,Apresentação de conjuntura/Backup/Dados_2025.03/Dados Brutos,pmc_num_ind.xlsx,xlsx,5445,2026-09-22T11:18:43Z,4f5a80bf2d7cd4515cbfc02c5749660b,comércio,P2,BACKUP_APARENTE,snapshot-2025-03,
Apresentação de conjuntura/Backup/Dados_2025.03/Dados Brutos/pmf_varmens_anual.xlsx,Apresentação de conjuntura/Backup/Dados_2025.03/Dados Brutos,pmf_varmens_anual.xlsx,xlsx,5937,2026-09-22T11:18:43Z,6aaa26a0bb7d117dbbdfe54a44f6331c,bases e planilhas,P2,BACKUP_APARENTE,snapshot-2025-03,
Apresentação de conjuntura/Backup/Dados_2025.03/Dados Brutos/pms_03_2025.xlsx,Apresentação de conjuntura/Backup/Dados_2025.03/Dados Brutos,pms_03_2025.xlsx,xlsx,9195,2026-09-22T11:18:43Z,3ff6bcfb7e29b19a763cca867cb86091,serviços,P2,BACKUP_APARENTE,snapshot-2025-03,
Apresentação de conjuntura/Backup/Dados_2025.03/Dados Brutos/pms_indic_saz_03_2025.xlsx,Apresentação de conjuntura/Backup/Dados_2025.03/Dados Brutos,pms_indic_saz_03_2025.xlsx,xlsx,6429,2026-09-22T11:18:43Z,55c5035756686a5e91504ea8dc4215b7,serviços,P2,BACKUP_APARENTE,snapshot-2025-03,
Apresentação de conjuntura/Backup/Dados_2025.03/Dados Brutos/pms_num_ind.xlsx,Apresentação de conjuntura/Backup/Dados_2025.03/Dados Brutos,pms_num_ind.xlsx,xlsx,5473,2026-09-22T11:18:43Z,3b2cc7598cc92228f7f506dd4dc6e951,serviços,P2,BACKUP_APARENTE,snapshot-2025-03,
Apresentação de conjuntura/Backup/Dados_2025.03/Dados Brutos/pms_var_mens_12mes.xlsx,Apresentação de conjuntura/Backup/Dados_2025.03/Dados Brutos,pms_var_mens_12mes.xlsx,xlsx,5266,2026-09-22T11:18:43Z,1138041968181c801ef6a629bd6b7df3,serviços,P2,BACKUP_APARENTE,snapshot-2025-03,
Apresentação de conjuntura/Backup/Dados_2025.03/Dados Brutos/t2_pnad_4t_2024.xlsx,Apresentação de conjuntura/Backup/Dados_2025.03/Dados Brutos,t2_pnad_4t_2024.xlsx,xlsx,6173,2026-09-22T11:18:43Z,a9b14e87812c6c6c02a337fcb7280214,mercado de trabalho,P2,BACKUP_APARENTE,snapshot-2025-03,
Apresentação de conjuntura/Backup/Dados_2025.03/Dados Brutos/t3_pnad_4t_2024.xlsx,Apresentação de conjuntura/Backup/Dados_2025.03/Dados Brutos,t3_pnad_4t_2024.xlsx,xlsx,6115,2026-09-22T11:18:43Z,7068a9588f531e9ae3bb04d278a0a2da,mercado de trabalho,P2,BACKUP_APARENTE,snapshot-2025-03,
Apresentação de conjuntura/Backup/Dados_2025.03/Dados Brutos/t4_pnad_4t_2024.xlsx,Apresentação de conjuntura/Backup/Dados_2025.03/Dados Brutos,t4_pnad_4t_2024.xlsx,xlsx,10837,2026-09-22T11:18:43Z,9e536c7d55328585e27f11b45247a1db,mercado de trabalho,P2,BACKUP_APARENTE,snapshot-2025-03,
Apresentação de conjuntura/Backup/Dados_2025.03/Dados Brutos/t7_pnad_4t_2024.xlsx,Apresentação de conjuntura/Backup/Dados_2025.03/Dados Brutos,t7_pnad_4t_2024.xlsx,xlsx,6269,2026-09-22T11:18:43Z,467ec0a997c0e1d52c6f511ec8b56a0f,mercado de trabalho,P2,BACKUP_APARENTE,snapshot-2025-03,
Apresentação de conjuntura/Backup/Dados_2025.03/Dados Brutos/taxascredito.xls,Apresentação de conjuntura/Backup/Dados_2025.03/Dados Brutos,taxascredito.xls,xls,218112,2026-09-22T11:18:43Z,6e9488a222f905af985ab89d89fa355f,crédito e juros,P2,BACKUP_APARENTE,snapshot-2025-03,
Apresentação de conjuntura/Backup/Dados_2025.03/Dados Brutos/tr_3t_2025_pnad.xlsx,Apresentação de conjuntura/Backup/Dados_2025.03/Dados Brutos,tr_3t_2025_pnad.xlsx,xlsx,7654,2026-09-22T11:18:43Z,14c781ac7de1316e19d8eebb5ff26ad7,mercado de trabalho,P2,BACKUP_APARENTE,snapshot-2025-03,
Apresentação de conjuntura/Backup/Dados_2025.03/Dados Brutos/tx_selic.csv,Apresentação de conjuntura/Backup/Dados_2025.03/Dados Brutos,tx_selic.csv,csv,104364,2026-09-22T11:18:43Z,f0c268c632abbeb47ef3974fde22eb8b,crédito e juros,P2,POSSIVEL_VERSAO;BACKUP_APARENTE,snapshot-2025-03,
Apresentação de conjuntura/Backup/Dados_2025.03/Dados Brutos/tx_selic.xlsx,Apresentação de conjuntura/Backup/Dados_2025.03/Dados Brutos,tx_selic.xlsx,xlsx,91210,2026-09-22T11:18:43Z,22fed65ba7272705f1a51370f5d67c77,crédito e juros,P2,POSSIVEL_VERSAO;BACKUP_APARENTE,snapshot-2025-03,
Apresentação de conjuntura/Backup/Dados_2025.03/Dados Brutos/var_pib_demanda.xlsx,Apresentação de conjuntura/Backup/Dados_2025.03/Dados Brutos,var_pib_demanda.xlsx,xlsx,16697,2026-09-22T11:18:43Z,d1c74a2418ec43dede7a8f887b5dc07c,atividade econômica,P2,BACKUP_APARENTE,snapshot-2025-03,
Apresentação de conjuntura/Backup/Dados_2025.03/Definitivo/Apresentação_Conjuntura_03-25 (2).xlsx,Apresentação de conjuntura/Backup/Dados_2025.03/Definitivo,Apresentação_Conjuntura_03-25 (2).xlsx,xlsx,441761,2026-09-22T11:18:43Z,ed7bb429143a9a2f92ca289055b8e697,análise de conjuntura,P2,DUPLICATA_EXATA;POSSIVEL_VERSAO;BACKUP_APARENTE,snapshot-2025-03,
Apresentação de conjuntura/Backup/Dados_2025.03/Definitivo/Apresentação_Conjuntura_03-25.xlsx,Apresentação de conjuntura/Backup/Dados_2025.03/Definitivo,Apresentação_Conjuntura_03-25.xlsx,xlsx,427663,2026-09-22T11:18:43Z,405c47937eea66b2dcb3dae9e1acbb6b,análise de conjuntura,P2,POSSIVEL_VERSAO;BACKUP_APARENTE,snapshot-2025-03,
Apresentação de conjuntura/Backup/Dados_2025.03/Definitivo/Macroeconomia_2025.03_v4.xlsx,Apresentação de conjuntura/Backup/Dados_2025.03/Definitivo,Macroeconomia_2025.03_v4.xlsx,xlsx,237792,2026-09-22T11:18:43Z,5f21e91fa62ee619b8d7f0e62a1f7750,atividade econômica,P2,BACKUP_APARENTE,snapshot-2025-03,
Apresentação de conjuntura/Backup/Dados_2025.03/Definitivo/Monetário_03-25.xlsx,Apresentação de conjuntura/Backup/Dados_2025.03/Definitivo,Monetário_03-25.xlsx,xlsx,470824,2026-09-22T11:18:43Z,286f53b0570ab3bf747ee2b7f7728c3c,crédito e juros,P2,BACKUP_APARENTE,snapshot-2025-03,
Apresentação de conjuntura/Backup/Dados_2025.03/Definitivo/Novo Caged_01-25.xlsx,Apresentação de conjuntura/Backup/Dados_2025.03/Definitivo,Novo Caged_01-25.xlsx,xlsx,73720,2026-09-22T11:18:43Z,1459e98fc740818a2566bc0c325a3a78,mercado de trabalho,P2,BACKUP_APARENTE,snapshot-2025-03,
Apresentação de conjuntura/Backup/Dados_2025.03/Definitivo/PIB X Selic_03-25.xlsx,Apresentação de conjuntura/Backup/Dados_2025.03/Definitivo,PIB X Selic_03-25.xlsx,xlsx,84444,2026-09-22T11:18:43Z,7d369e3f9e1eaeddf5018c8fa25227f6,atividade econômica,P2,BACKUP_APARENTE,snapshot-2025-03,
Apresentação de conjuntura/Backup/Dados_2025.03/Definitivo/PNAD_2025.xlsx,Apresentação de conjuntura/Backup/Dados_2025.03/Definitivo,PNAD_2025.xlsx,xlsx,88246,2026-09-22T11:18:43Z,6db2fcfa123bc54a47b780908fdc6881,mercado de trabalho,P2,POSSIVEL_VERSAO;BACKUP_APARENTE,snapshot-2025-03,
Apresentação de conjuntura/Backup/Dados_2025.03/Definitivo/Preços_Inflação_03-25.xlsx,Apresentação de conjuntura/Backup/Dados_2025.03/Definitivo,Preços_Inflação_03-25.xlsx,xlsx,162626,2026-09-22T11:18:43Z,23dc4af2807042686cfe5c1a4fbf23c6,inflação e custo de vida,P2,BACKUP_APARENTE,snapshot-2025-03,
Apresentação de conjuntura/Backup/Dados_2025.03/Definitivo/SM e Cesta desde 1979.xlsx,Apresentação de conjuntura/Backup/Dados_2025.03/Definitivo,SM e Cesta desde 1979.xlsx,xlsx,44631,2026-09-22T11:18:43Z,a54a00912c0dee0c763d218f6ae1b186,inflação e custo de vida,P2,POSSIVEL_VERSAO;BACKUP_APARENTE,snapshot-2025-03,
Apresentação de conjuntura/Backup/Dados_2025_05/Dados Brutos/1084 - Serviços.csv,Apresentação de conjuntura/Backup/Dados_2025_05/Dados Brutos,1084 - Serviços.csv,csv,163,2026-09-22T11:18:43Z,29ebf0dc3a4ff7dcf472b875727801eb,bases e planilhas,P2,BACKUP_APARENTE,snapshot-2025-05,
Apresentação de conjuntura/Backup/Dados_2025_05/Dados Brutos/202504_Tabelas_de_estatisticas_monetarias_e_de_credito.xlsx,Apresentação de conjuntura/Backup/Dados_2025_05/Dados Brutos,202504_Tabelas_de_estatisticas_monetarias_e_de_credito.xlsx,xlsx,1069745,2026-09-22T11:18:43Z,3c81cb38fa94bded1874c8950bf3abfc,crédito e juros,P2,BACKUP_APARENTE,snapshot-2025-05,
Apresentação de conjuntura/Backup/Dados_2025_05/Dados Brutos/20728.csv,Apresentação de conjuntura/Backup/Dados_2025_05/Dados Brutos,20728.csv,csv,329,2026-09-22T11:18:43Z,e6b974657d8c3da42d8e45f60d6cbb8a,bases e planilhas,P2,BACKUP_APARENTE,snapshot-2025-05,
Apresentação de conjuntura/Backup/Dados_2025_05/Dados Brutos/20741.csv,Apresentação de conjuntura/Backup/Dados_2025_05/Dados Brutos,20741.csv,csv,334,2026-09-22T11:18:43Z,446d2eaf0d01533c978241cac5d51853,bases e planilhas,P2,POSSIVEL_VERSAO;BACKUP_APARENTE,snapshot-2025-05,
Apresentação de conjuntura/Backup/Dados_2025_05/Dados Brutos/20742.csv,Apresentação de conjuntura/Backup/Dados_2025_05/Dados Brutos,20742.csv,csv,339,2026-09-22T11:18:43Z,fd9b95c31a6cb73bd2e9bfa9fb82ed4b,bases e planilhas,P2,POSSIVEL_VERSAO;BACKUP_APARENTE,snapshot-2025-05,
Apresentação de conjuntura/Backup/Dados_2025_05/Dados Brutos/20747.csv,Apresentação de conjuntura/Backup/Dados_2025_05/Dados Brutos,20747.csv,csv,338,2026-09-22T11:18:43Z,67352d96424b8af6d959192a3606ac68,bases e planilhas,P2,POSSIVEL_VERSAO;BACKUP_APARENTE,snapshot-2025-05,
Apresentação de conjuntura/Backup/Dados_2025_05/Dados Brutos/20749.csv,Apresentação de conjuntura/Backup/Dados_2025_05/Dados Brutos,20749.csv,csv,327,2026-09-22T11:18:43Z,3d3d877b8d28948271ceb3d5b9ea8eb0,bases e planilhas,P2,POSSIVEL_VERSAO;BACKUP_APARENTE,snapshot-2025-05,
Apresentação de conjuntura/Backup/Dados_2025_05/Dados Brutos/20772.csv,Apresentação de conjuntura/Backup/Dados_2025_05/Dados Brutos,20772.csv,csv,358,2026-09-22T11:18:43Z,2c5825dc3b776ee3fb460e5bd77eb9d1,bases e planilhas,P2,POSSIVEL_VERSAO;BACKUP_APARENTE,snapshot-2025-05,
Apresentação de conjuntura/Backup/Dados_2025_05/Dados Brutos/22019.csv,Apresentação de conjuntura/Backup/Dados_2025_05/Dados Brutos,22019.csv,csv,347,2026-09-22T11:18:43Z,81235968814638739faac056e3b386c2,bases e planilhas,P2,POSSIVEL_VERSAO;BACKUP_APARENTE,snapshot-2025-05,
Apresentação de conjuntura/Backup/Dados_2025_05/Dados Brutos/22022.csv,Apresentação de conjuntura/Backup/Dados_2025_05/Dados Brutos,22022.csv,csv,345,2026-09-22T11:18:43Z,e0a367af6ae2ea831f6527173ec614ef,bases e planilhas,P2,POSSIVEL_VERSAO;BACKUP_APARENTE,snapshot-2025-05,
Apresentação de conjuntura/Backup/Dados_2025_05/Dados Brutos/3-tabelas_Março de 2025.xlsx,Apresentação de conjuntura/Backup/Dados_2025_05/Dados Brutos,3-tabelas_Março de 2025.xlsx,xlsx,39946817,2026-09-22T11:18:43Z,eda0656a7fd7e985338948fb3c01e9a9,bases e planilhas,P2,BACKUP_APARENTE,snapshot-2025-05,
Apresentação de conjuntura/Backup/Dados_2025_05/Dados Brutos/3546.csv,Apresentação de conjuntura/Backup/Dados_2025_05/Dados Brutos,3546.csv,csv,1669,2026-09-22T11:18:43Z,f1955ab76a3667201a5bfcb977794212,bases e planilhas,P2,BACKUP_APARENTE,snapshot-2025-05,
Apresentação de conjuntura/Backup/Dados_2025_05/Dados Brutos/4449 - Monitorados.csv,Apresentação de conjuntura/Backup/Dados_2025_05/Dados Brutos,4449 - Monitorados.csv,csv,168,2026-09-22T11:18:43Z,53d858657e60abdd6149d8060d2669da,bases e planilhas,P2,BACKUP_APARENTE,snapshot-2025-05,
Apresentação de conjuntura/Backup/Dados_2025_05/Dados Brutos/5045.csv,Apresentação de conjuntura/Backup/Dados_2025_05/Dados Brutos,5045.csv,csv,1355,2026-09-22T11:18:43Z,47bf057d9b6ea49f5e1a247347b45c56,bases e planilhas,P2,BACKUP_APARENTE,snapshot-2025-05,
Apresentação de conjuntura/Backup/Dados_2025_05/Dados Brutos/5474.csv,Apresentação de conjuntura/Backup/Dados_2025_05/Dados Brutos,5474.csv,csv,969,2026-09-22T11:18:43Z,e485ccb3fec900755c175ecef6eba54a,bases e planilhas,P2,BACKUP_APARENTE,snapshot-2025-05,
Apresentação de conjuntura/Backup/Dados_2025_05/Dados Brutos/CAGED - Abril.xlsx,Apresentação de conjuntura/Backup/Dados_2025_05/Dados Brutos,CAGED - Abril.xlsx,xlsx,40589657,2026-09-22T11:18:44Z,59f702b1cb90dbc1ba45580363fa3171,mercado de trabalho,P2,BACKUP_APARENTE,snapshot-2025-05,
Apresentação de conjuntura/Backup/Dados_2025_05/Dados Brutos/CANAS 2025_04.xlsm,Apresentação de conjuntura/Backup/Dados_2025_05/Dados Brutos,CANAS 2025_04.xlsm,xlsm,156005,2026-09-22T11:18:43Z,3d9df8442d18cd20b7b4f568cde7ec61,bases e planilhas,P2,BACKUP_APARENTE,snapshot-2025-05,
Apresentação de conjuntura/Backup/Dados_2025_05/Dados Brutos/DemonstrReservas_M.xlsx,Apresentação de conjuntura/Backup/Dados_2025_05/Dados Brutos,DemonstrReservas_M.xlsx,xlsx,108978,2026-09-22T11:18:43Z,447370050647c28b79b3115d776a9bf4,crédito e juros,P2,POSSIVEL_VERSAO;BACKUP_APARENTE,snapshot-2025-05,
Apresentação de conjuntura/Backup/Dados_2025_05/Dados Brutos/ICEI - 02-25.xls,Apresentação de conjuntura/Backup/Dados_2025_05/Dados Brutos,ICEI - 02-25.xls,xls,34304,2026-09-22T11:18:43Z,ec70f10977c1f977a23e5b7b5b23690f,indústria,P2,BACKUP_APARENTE,snapshot-2025-05,
Apresentação de conjuntura/Backup/Dados_2025_05/Dados Brutos/IPCA - Bens nduraveis - 10841.csv,Apresentação de conjuntura/Backup/Dados_2025_05/Dados Brutos,IPCA - Bens nduraveis - 10841.csv,csv,161,2026-09-22T11:18:43Z,44517f253337e5bca6f6dd56f5f0fed3,inflação e custo de vida,P2,BACKUP_APARENTE,snapshot-2025-05,
Apresentação de conjuntura/Backup/Dados_2025_05/Dados Brutos/PIB - Formação capital.xlsx,Apresentação de conjuntura/Backup/Dados_2025_05/Dados Brutos,PIB - Formação capital.xlsx,xlsx,7071,2026-09-22T11:18:44Z,bb587d1de569cdeeb019cce5f63a54d1,atividade econômica,P2,BACKUP_APARENTE,snapshot-2025-05,
Apresentação de conjuntura/Backup/Dados_2025_05/Dados Brutos/PIB - Preços Mercado 1996.xlsx,Apresentação de conjuntura/Backup/Dados_2025_05/Dados Brutos,PIB - Preços Mercado 1996.xlsx,xlsx,7016,2026-09-22T11:18:44Z,4bdcd1e3400c61ee769c9948f03b5aa2,inflação e custo de vida,P2,BACKUP_APARENTE,snapshot-2025-05,
Apresentação de conjuntura/Backup/Dados_2025_05/Dados Brutos/PIB - Preços de Mercado.xlsx,Apresentação de conjuntura/Backup/Dados_2025_05/Dados Brutos,PIB - Preços de Mercado.xlsx,xlsx,5634,2026-09-22T11:18:44Z,73e809c0a356100a1d3175fbb147ae46,inflação e custo de vida,P2,BACKUP_APARENTE,snapshot-2025-05,
Apresentação de conjuntura/Backup/Dados_2025_05/Dados Brutos/PIB - Setores e subsetores (1).xlsx,Apresentação de conjuntura/Backup/Dados_2025_05/Dados Brutos,PIB - Setores e subsetores (1).xlsx,xlsx,5668,2026-09-22T11:18:44Z,310e676ba8eb150d4c4843f0eb3810b5,atividade econômica,P2,POSSIVEL_VERSAO;BACKUP_APARENTE,snapshot-2025-05,
Apresentação de conjuntura/Backup/Dados_2025_05/Dados Brutos/PIB - Setores e subsetores.xlsx,Apresentação de conjuntura/Backup/Dados_2025_05/Dados Brutos,PIB - Setores e subsetores.xlsx,xlsx,5883,2026-09-22T11:18:44Z,d0e1e0505629d94f29332f6d9a862b73,atividade econômica,P2,POSSIVEL_VERSAO;BACKUP_APARENTE,snapshot-2025-05,
Apresentação de conjuntura/Backup/Dados_2025_05/Dados Brutos/PIB - tx acumu 4trimestres.xlsx,Apresentação de conjuntura/Backup/Dados_2025_05/Dados Brutos,PIB - tx acumu 4trimestres.xlsx,xlsx,5634,2026-09-22T11:18:44Z,6decaf69600846d74c7c022812c4aaab,atividade econômica,P2,BACKUP_APARENTE,snapshot-2025-05,
Apresentação de conjuntura/Backup/Dados_2025_05/Dados Brutos/PNAD - 4093 - desocu grande região.xlsx,Apresentação de conjuntura/Backup/Dados_2025_05/Dados Brutos,PNAD - 4093 - desocu grande região.xlsx,xlsx,6171,2026-09-22T11:18:43Z,0873e990a86bcd3c70b1e779a635beb7,mercado de trabalho,P2,BACKUP_APARENTE,snapshot-2025-05,
Apresentação de conjuntura/Backup/Dados_2025_05/Dados Brutos/PNAD - 4093 - desocu.xlsx,Apresentação de conjuntura/Backup/Dados_2025_05/Dados Brutos,PNAD - 4093 - desocu.xlsx,xlsx,7410,2026-09-22T11:18:43Z,2611b246fa36956229c567f6ff02816c,mercado de trabalho,P2,BACKUP_APARENTE,snapshot-2025-05,
Apresentação de conjuntura/Backup/Dados_2025_05/Dados Brutos/PNAD - 4094 - desocu idade.xlsx,Apresentação de conjuntura/Backup/Dados_2025_05/Dados Brutos,PNAD - 4094 - desocu idade.xlsx,xlsx,6116,2026-09-22T11:18:43Z,4c56fdb5c29dc4e165cf1f4021211e49,mercado de trabalho,P2,BACKUP_APARENTE,snapshot-2025-05,
Apresentação de conjuntura/Backup/Dados_2025_05/Dados Brutos/PNAD - 4097 - ocupados.xlsx,Apresentação de conjuntura/Backup/Dados_2025_05/Dados Brutos,PNAD - 4097 - ocupados.xlsx,xlsx,10925,2026-09-22T11:18:44Z,6f550dac2cad7c0912b0ca9f8cb09107,mercado de trabalho,P2,BACKUP_APARENTE,snapshot-2025-05,
Apresentação de conjuntura/Backup/Dados_2025_05/Dados Brutos/PNAD - 5440 - Rendimento com carteira privado.xlsx,Apresentação de conjuntura/Backup/Dados_2025_05/Dados Brutos,PNAD - 5440 - Rendimento com carteira privado.xlsx,xlsx,6268,2026-09-22T11:18:44Z,77fdf9cc7eff49b9d8f37abe7ab084e6,renda e salários,P2,BACKUP_APARENTE,snapshot-2025-05,
Apresentação de conjuntura/Backup/Dados_2025_05/Dados Brutos/PNAD - 6402 - desocu raça.xlsx,Apresentação de conjuntura/Backup/Dados_2025_05/Dados Brutos,PNAD - 6402 - desocu raça.xlsx,xlsx,7682,2026-09-22T11:18:43Z,061f63472bb7aa5501f9af9513228228,mercado de trabalho,P2,BACKUP_APARENTE,snapshot-2025-05,
Apresentação de conjuntura/Backup/Dados_2025_05/Dados Brutos/PNAD - 6461 - força de trabalho.xlsx,Apresentação de conjuntura/Backup/Dados_2025_05/Dados Brutos,PNAD - 6461 - força de trabalho.xlsx,xlsx,6888,2026-09-22T11:18:44Z,b4e9dd07cb22a37ec32fcbdc5c3a5244,mercado de trabalho,P2,BACKUP_APARENTE,snapshot-2025-05,
Apresentação de conjuntura/Backup/Dados_2025_05/Dados Brutos/PNAD - 6464 - posicao ocupa.xlsx,Apresentação de conjuntura/Backup/Dados_2025_05/Dados Brutos,PNAD - 6464 - posicao ocupa.xlsx,xlsx,6027,2026-09-22T11:18:44Z,0bb3c7d540d09170619daa48da8ba54b,mercado de trabalho,P2,BACKUP_APARENTE,snapshot-2025-05,
Apresentação de conjuntura/Backup/Dados_2025_05/Dados Brutos/Selic - Abril-2025.csv,Apresentação de conjuntura/Backup/Dados_2025_05/Dados Brutos,Selic - Abril-2025.csv,csv,2880,2026-09-22T11:18:44Z,1c4cc2df53cd80610cd4adeec83ef00d,crédito e juros,P2,BACKUP_APARENTE,snapshot-2025-05,
Apresentação de conjuntura/Backup/Dados_2025_05/Dados Brutos/T2_7063.xlsx,Apresentação de conjuntura/Backup/Dados_2025_05/Dados Brutos,T2_7063.xlsx,xlsx,10876,2026-09-22T11:18:43Z,0db1d73b0bb3f3eeff3472205889e293,bases e planilhas,P2,BACKUP_APARENTE,snapshot-2025-05,
Apresentação de conjuntura/Backup/Dados_2025_05/Dados Brutos/TOTAIS_ACUMULADO_EXP_IMP.xlsx,Apresentação de conjuntura/Backup/Dados_2025_05/Dados Brutos,TOTAIS_ACUMULADO_EXP_IMP.xlsx,xlsx,13255,2026-09-22T11:18:44Z,a12d0aee693a65fcb3e47fa6f5479bef,bases e planilhas,P2,BACKUP_APARENTE,snapshot-2025-05,
Apresentação de conjuntura/Backup/Dados_2025_05/Dados Brutos/Tab_Compl_CNT_1T25.xls,Apresentação de conjuntura/Backup/Dados_2025_05/Dados Brutos,Tab_Compl_CNT_1T25.xls,xls,635904,2026-09-22T11:18:44Z,660f5a37bca38c03e4b554bfe496c362,bases e planilhas,P2,BACKUP_APARENTE,snapshot-2025-05,
Apresentação de conjuntura/Backup/Dados_2025_05/Dados Brutos/Tabela_Resumo.xlsx,Apresentação de conjuntura/Backup/Dados_2025_05/Dados Brutos,Tabela_Resumo.xlsx,xlsx,19424,2026-09-22T11:18:44Z,d18baa5318afa7b39aebd894c15784f8,bases e planilhas,P2,BACKUP_APARENTE,snapshot-2025-05,
Apresentação de conjuntura/Backup/Dados_2025_05/Dados Brutos/UCI - 02-25.xls,Apresentação de conjuntura/Backup/Dados_2025_05/Dados Brutos,UCI - 02-25.xls,xls,38400,2026-09-22T11:18:43Z,b393a340ab0a510897465b5912fa2d67,indústria,P2,BACKUP_APARENTE,snapshot-2025-05,
Apresentação de conjuntura/Backup/Dados_2025_05/Dados Brutos/WEOApr2025all.xls,Apresentação de conjuntura/Backup/Dados_2025_05/Dados Brutos,WEOApr2025all.xls,xls,20198580,2026-09-22T11:18:44Z,d890d1e3556728fb50a61e764628ae0e,setor externo,P2,BACKUP_APARENTE,snapshot-2025-05,
Apresentação de conjuntura/Backup/Dados_2025_05/Dados Brutos/finbraRGF_ESTDF_DTPeApuracaodoCumprimentodoLimiteLegal-Valor.zip,Apresentação de conjuntura/Backup/Dados_2025_05/Dados Brutos,finbraRGF_ESTDF_DTPeApuracaodoCumprimentodoLimiteLegal-Valor.zip,zip,3603,2026-09-22T11:18:44Z,cdfa98c6280ce371a72d3451d6863f4d,política fiscal,P2,BACKUP_APARENTE,snapshot-2025-05,
Apresentação de conjuntura/Backup/Dados_2025_05/Dados Brutos/pim - num indice.xlsx,Apresentação de conjuntura/Backup/Dados_2025_05/Dados Brutos,pim - num indice.xlsx,xlsx,7413,2026-09-22T11:18:43Z,f36e7e0e97b3ca5c6a42eaa595c7fac1,indústria,P2,BACKUP_APARENTE,snapshot-2025-05,
Apresentação de conjuntura/Backup/Dados_2025_05/Dados Brutos/pim - var acum 12 meses.xlsx,Apresentação de conjuntura/Backup/Dados_2025_05/Dados Brutos,pim - var acum 12 meses.xlsx,xlsx,6838,2026-09-22T11:18:43Z,14aab48283e6cc8a7cd54a171ff88a29,indústria,P2,BACKUP_APARENTE,snapshot-2025-05,
Apresentação de conjuntura/Backup/Dados_2025_05/Dados Brutos/pmc - num indice.xlsx,Apresentação de conjuntura/Backup/Dados_2025_05/Dados Brutos,pmc - num indice.xlsx,xlsx,6416,2026-09-22T11:18:43Z,256d69d6a0efe9425d71f75c34492bf1,comércio,P2,BACKUP_APARENTE,snapshot-2025-05,
Apresentação de conjuntura/Backup/Dados_2025_05/Dados Brutos/pmc- var acum 12 meses.xlsx,Apresentação de conjuntura/Backup/Dados_2025_05/Dados Brutos,pmc- var acum 12 meses.xlsx,xlsx,6227,2026-09-22T11:18:43Z,a6551aa0ea1e1048e07e3e9bfe563228,comércio,P2,BACKUP_APARENTE,snapshot-2025-05,
Apresentação de conjuntura/Backup/Dados_2025_05/Dados Brutos/pms - num indice.xlsx,Apresentação de conjuntura/Backup/Dados_2025_05/Dados Brutos,pms - num indice.xlsx,xlsx,6412,2026-09-22T11:18:43Z,3fbb984fdb1cab4971b454120892dcb8,serviços,P2,BACKUP_APARENTE,snapshot-2025-05,
Apresentação de conjuntura/Backup/Dados_2025_05/Dados Brutos/pms - var acum 12 meses.xlsx,Apresentação de conjuntura/Backup/Dados_2025_05/Dados Brutos,pms - var acum 12 meses.xlsx,xlsx,6230,2026-09-22T11:18:43Z,7713fef5260f1d913e89f049f9b52079,serviços,P2,BACKUP_APARENTE,snapshot-2025-05,
Apresentação de conjuntura/Backup/Dados_2025_05/Dados Brutos/t23_7063.xlsx,Apresentação de conjuntura/Backup/Dados_2025_05/Dados Brutos,t23_7063.xlsx,xlsx,5853,2026-09-22T11:18:43Z,5f651e816294cdb80854635d09691ac2,bases e planilhas,P2,BACKUP_APARENTE,snapshot-2025-05,
Apresentação de conjuntura/Backup/Dados_2025_05/Dados Brutos/text.pdf,Apresentação de conjuntura/Backup/Dados_2025_05/Dados Brutos,text.pdf,pdf,2063187,2026-09-22T11:18:44Z,0c0555e4f7d8790d1744cf826b2eb82d,bases e planilhas,P2,BACKUP_APARENTE,snapshot-2025-05,
Apresentação de conjuntura/Backup/Dados_2025_05/Dados Brutos/tx_cambio.csv,Apresentação de conjuntura/Backup/Dados_2025_05/Dados Brutos,tx_cambio.csv,csv,358,2026-09-22T11:18:44Z,30865f87beeb13b4733163ed8a3f7a0a,setor externo,P2,BACKUP_APARENTE,snapshot-2025-05,
Apresentação de conjuntura/Backup/Dados_2025_05/Definitivo/Apresentação_Conjuntura_03-25 (2).xlsx,Apresentação de conjuntura/Backup/Dados_2025_05/Definitivo,Apresentação_Conjuntura_03-25 (2).xlsx,xlsx,441761,2026-09-22T11:18:44Z,ed7bb429143a9a2f92ca289055b8e697,análise de conjuntura,P2,DUPLICATA_EXATA;POSSIVEL_VERSAO;BACKUP_APARENTE,snapshot-2025-05,
Apresentação de conjuntura/Backup/Dados_2025_05/Definitivo/Apresentação_Conjuntura_03-25.xlsx,Apresentação de conjuntura/Backup/Dados_2025_05/Definitivo,Apresentação_Conjuntura_03-25.xlsx,xlsx,441673,2026-09-22T11:18:44Z,18a5bf2ca24a75916b2c992b33c4d47b,análise de conjuntura,P2,POSSIVEL_VERSAO;BACKUP_APARENTE,snapshot-2025-05,
Apresentação de conjuntura/Backup/Dados_2025_05/Definitivo/Macroeconomia_2025.04.xlsx,Apresentação de conjuntura/Backup/Dados_2025_05/Definitivo,Macroeconomia_2025.04.xlsx,xlsx,281315,2026-09-22T11:18:44Z,d29f38bdd993563c0419b9ce456015bb,atividade econômica,P2,POSSIVEL_VERSAO;BACKUP_APARENTE,snapshot-2025-05,
Apresentação de conjuntura/Backup/Dados_2025_05/Definitivo/Monetário_04-25.xlsx,Apresentação de conjuntura/Backup/Dados_2025_05/Definitivo,Monetário_04-25.xlsx,xlsx,423295,2026-09-22T11:18:44Z,a3b2f2719c43473f34bdbda6f2774d37,crédito e juros,P2,BACKUP_APARENTE,snapshot-2025-05,
Apresentação de conjuntura/Backup/Dados_2025_05/Definitivo/Novo Caged_04-25.xlsx,Apresentação de conjuntura/Backup/Dados_2025_05/Definitivo,Novo Caged_04-25.xlsx,xlsx,73647,2026-09-22T11:18:44Z,2316c8999df2d9681db056db1775eb10,mercado de trabalho,P2,BACKUP_APARENTE,snapshot-2025-05,
Apresentação de conjuntura/Backup/Dados_2025_05/Definitivo/PIB X Selic_04-25 (2).xlsx,Apresentação de conjuntura/Backup/Dados_2025_05/Definitivo,PIB X Selic_04-25 (2).xlsx,xlsx,75914,2026-09-22T11:18:44Z,ef2e0aec71c16c808324958d1e4271b9,atividade econômica,P2,POSSIVEL_VERSAO;BACKUP_APARENTE,snapshot-2025-05,
Apresentação de conjuntura/Backup/Dados_2025_05/Definitivo/PIB X Selic_04-25.xlsx,Apresentação de conjuntura/Backup/Dados_2025_05/Definitivo,PIB X Selic_04-25.xlsx,xlsx,84677,2026-09-22T11:18:44Z,b5dc731db4f341920d4114b13b17c761,atividade econômica,P2,POSSIVEL_VERSAO;BACKUP_APARENTE,snapshot-2025-05,
Apresentação de conjuntura/Backup/Dados_2025_05/Definitivo/PNAD_2025.xlsx,Apresentação de conjuntura/Backup/Dados_2025_05/Definitivo,PNAD_2025.xlsx,xlsx,92039,2026-09-22T11:18:44Z,54e792134de89ec5e9c7b7efa3a3b081,mercado de trabalho,P2,POSSIVEL_VERSAO;BACKUP_APARENTE,snapshot-2025-05,
Apresentação de conjuntura/Backup/Dados_2025_05/Definitivo/Preços_Inflação_04-25.xlsx,Apresentação de conjuntura/Backup/Dados_2025_05/Definitivo,Preços_Inflação_04-25.xlsx,xlsx,144560,2026-09-22T11:18:44Z,3714b45e409e04821e3130836be01f03,inflação e custo de vida,P2,BACKUP_APARENTE,snapshot-2025-05,
Apresentação de conjuntura/Backup/Dados_2025_05/Definitivo/SM e Cesta desde 1979.xlsx,Apresentação de conjuntura/Backup/Dados_2025_05/Definitivo,SM e Cesta desde 1979.xlsx,xlsx,44821,2026-09-22T11:18:44Z,deed710e0c8b52d5d4d854b35d080e6c,inflação e custo de vida,P2,POSSIVEL_VERSAO;BACKUP_APARENTE,snapshot-2025-05,
Apresentação de conjuntura/Backup/Dados_2025_07/Dados Brutos/CANAS 2025_06.xlsm,Apresentação de conjuntura/Backup/Dados_2025_07/Dados Brutos,CANAS 2025_06.xlsm,xlsm,159712,2026-09-22T11:18:45Z,83669136120b74297d635275670308b0,bases e planilhas,P2,BACKUP_APARENTE,snapshot-2025-07,
Apresentação de conjuntura/Backup/Dados_2025_07/Dados Brutos/Caged_Maio_2025.xlsx,Apresentação de conjuntura/Backup/Dados_2025_07/Dados Brutos,Caged_Maio_2025.xlsx,xlsx,41195369,2026-09-22T11:18:45Z,439faea8fd3f4a42769e7c82474ba2be,mercado de trabalho,P2,BACKUP_APARENTE,snapshot-2025-07,
Apresentação de conjuntura/Backup/Dados_2025_07/Dados Brutos/INDATEND 2025_06.xlsx,Apresentação de conjuntura/Backup/Dados_2025_07/Dados Brutos,INDATEND 2025_06.xlsx,xlsx,655865,2026-09-22T11:18:45Z,e71d86357db9c313886729e0949da3c4,indústria,P2,BACKUP_APARENTE,snapshot-2025-07,
Apresentação de conjuntura/Backup/Dados_2025_07/Dados Brutos/IPCA - Índice.xlsx,Apresentação de conjuntura/Backup/Dados_2025_07/Dados Brutos,IPCA - Índice.xlsx,xlsx,6605,2026-09-22T11:18:45Z,00ff5b45d016b3f2fe774ae947e8d087,inflação e custo de vida,P2,POSSIVEL_VERSAO;BACKUP_APARENTE,snapshot-2025-07,
Apresentação de conjuntura/Backup/Dados_2025_07/Dados Brutos/IPCA_bens_n_duraveis.csv,Apresentação de conjuntura/Backup/Dados_2025_07/Dados Brutos,IPCA_bens_n_duraveis.csv,csv,663,2026-09-22T11:18:45Z,82d8eb388f55fe39c1b20af5d704cd66,inflação e custo de vida,P2,BACKUP_APARENTE,snapshot-2025-07,
Apresentação de conjuntura/Backup/Dados_2025_07/Dados Brutos/PCNBA 0525.docx,Apresentação de conjuntura/Backup/Dados_2025_07/Dados Brutos,PCNBA 0525.docx,docx,584055,2026-09-22T11:18:45Z,2127c775ce90d1ec2c3320a28fe5bd1c,documentos institucionais,P2,BACKUP_APARENTE,snapshot-2025-07,
Apresentação de conjuntura/Backup/Dados_2025_07/Dados Brutos/Pesquisa Nacional Cesta Alimentos 06 05.docx,Apresentação de conjuntura/Backup/Dados_2025_07/Dados Brutos,Pesquisa Nacional Cesta Alimentos 06 05.docx,docx,588255,2026-09-22T11:18:45Z,3c3807c9a53dd03d884e00339daec19b,inflação e custo de vida,P2,BACKUP_APARENTE,snapshot-2025-07,
Apresentação de conjuntura/Backup/Dados_2025_07/Dados Brutos/inpc_alimentos.xlsx,Apresentação de conjuntura/Backup/Dados_2025_07/Dados Brutos,inpc_alimentos.xlsx,xlsx,10958,2026-09-22T11:18:45Z,8e66c681cdcb6fd2dbf0a8d0cecfe9c5,inflação e custo de vida,P2,BACKUP_APARENTE,snapshot-2025-07,
Apresentação de conjuntura/Backup/Dados_2025_07/Dados Brutos/inpc_itens.xlsx,Apresentação de conjuntura/Backup/Dados_2025_07/Dados Brutos,inpc_itens.xlsx,xlsx,10920,2026-09-22T11:18:45Z,3015beffcbcceaf773e3dbe250dc50f8,inflação e custo de vida,P2,POSSIVEL_VERSAO;BACKUP_APARENTE,snapshot-2025-07,
Apresentação de conjuntura/Backup/Dados_2025_07/Dados Brutos/ipca_administrados.csv,Apresentação de conjuntura/Backup/Dados_2025_07/Dados Brutos,ipca_administrados.csv,csv,841,2026-09-22T11:18:45Z,84ceb9e92a9c265b3233385541b34809,inflação e custo de vida,P2,BACKUP_APARENTE,snapshot-2025-07,
Apresentação de conjuntura/Backup/Dados_2025_07/Dados Brutos/ipca_alimentacao.csv,Apresentação de conjuntura/Backup/Dados_2025_07/Dados Brutos,ipca_alimentacao.csv,csv,670,2026-09-22T11:18:45Z,08c4d5a1d27a49c122f0400c8ab286be,inflação e custo de vida,P2,BACKUP_APARENTE,snapshot-2025-07,
Apresentação de conjuntura/Backup/Dados_2025_07/Dados Brutos/ipca_servicos.csv,Apresentação de conjuntura/Backup/Dados_2025_07/Dados Brutos,ipca_servicos.csv,csv,658,2026-09-22T11:18:45Z,ab37bbb711e683fb59164ddbc73e6db4,inflação e custo de vida,P2,BACKUP_APARENTE,snapshot-2025-07,
Apresentação de conjuntura/Backup/Dados_2025_07/Dados Brutos/pmc_ind_var_ajuste_sazonal.xlsx,Apresentação de conjuntura/Backup/Dados_2025_07/Dados Brutos,pmc_ind_var_ajuste_sazonal.xlsx,xlsx,6453,2026-09-22T11:18:45Z,79ac2bb967a72ec16d0f01773d23d0ed,comércio,P2,BACKUP_APARENTE,snapshot-2025-07,
Apresentação de conjuntura/Backup/Dados_2025_07/Dados Brutos/pmc_ind_var_vendas_comercio.xlsx,Apresentação de conjuntura/Backup/Dados_2025_07/Dados Brutos,pmc_ind_var_vendas_comercio.xlsx,xlsx,6258,2026-09-22T11:18:45Z,a02353a09991e8bc60cb2eb7f81e1889,comércio,P2,BACKUP_APARENTE,snapshot-2025-07,
Apresentação de conjuntura/Backup/Dados_2025_07/Definitivo/Macroeconomia_2025.04.xlsx,Apresentação de conjuntura/Backup/Dados_2025_07/Definitivo,Macroeconomia_2025.04.xlsx,xlsx,281336,2026-09-22T11:18:45Z,3de57626ccba786c0321710ecb1f6dc2,atividade econômica,P2,POSSIVEL_VERSAO;BACKUP_APARENTE,snapshot-2025-07,
Apresentação de conjuntura/Backup/Dados_2025_07/Definitivo/Macroeconomia_2025.07.xlsx,Apresentação de conjuntura/Backup/Dados_2025_07/Definitivo,Macroeconomia_2025.07.xlsx,xlsx,288679,2026-09-22T11:18:45Z,f72b4b67b998fc4946797aa75aa1068e,atividade econômica,P2,BACKUP_APARENTE,snapshot-2025-07,
Apresentação de conjuntura/Backup/Dados_2025_07/Definitivo/Novo Caged_07-25.xlsx,Apresentação de conjuntura/Backup/Dados_2025_07/Definitivo,Novo Caged_07-25.xlsx,xlsx,72697,2026-09-22T11:18:45Z,e943266ab4e597cf5c3ddb469a843ac3,mercado de trabalho,P2,BACKUP_APARENTE,snapshot-2025-07,
Apresentação de conjuntura/Backup/Dados_2025_07/Definitivo/Preços_Inflação_07-25.xlsx,Apresentação de conjuntura/Backup/Dados_2025_07/Definitivo,Preços_Inflação_07-25.xlsx,xlsx,143728,2026-09-22T11:18:45Z,99a3bcdbe526066dfb10b04041e2eaf0,inflação e custo de vida,P2,BACKUP_APARENTE,snapshot-2025-07,
Apresentação de conjuntura/Backup/Dados_2025_07/Definitivo/SM e Cesta desde 1979_06_25.xlsx,Apresentação de conjuntura/Backup/Dados_2025_07/Definitivo,SM e Cesta desde 1979_06_25.xlsx,xlsx,44898,2026-09-22T11:18:45Z,59517870bbb25106745ef038c79df211,inflação e custo de vida,P2,BACKUP_APARENTE,snapshot-2025-07,
Apresentação de conjuntura/Backup/Outras versões/231003_cc_60_nota_33_visao_geral.pdf,Apresentação de conjuntura/Backup/Outras versões,231003_cc_60_nota_33_visao_geral.pdf,pdf,2252066,2026-09-22T11:18:53Z,4df22c8e3a11b3994ac75a9007af52c7,a classificar,P3,POSSIVEL_VERSAO;BACKUP_APARENTE,serie-historica-atr-conjuntura,sem evidencia suficiente de categoria por nome/caminho
Apresentação de conjuntura/Backup/Outras versões/ATR_Conjuntura_02.2021.pptx,Apresentação de conjuntura/Backup/Outras versões,ATR_Conjuntura_02.2021.pptx,pptx,575874,2026-09-22T11:18:45Z,056b05d9f59e2506b8d2d839e89b7915,apresentação de conjuntura,P3,BACKUP_APARENTE,serie-historica-atr-conjuntura,
Apresentação de conjuntura/Backup/Outras versões/ATR_Conjuntura_03.2021.pptx,Apresentação de conjuntura/Backup/Outras versões,ATR_Conjuntura_03.2021.pptx,pptx,59738116,2026-09-22T11:18:49Z,2b5a0616d7f933c59fa58b0294f0486d,apresentação de conjuntura,P3,BACKUP_APARENTE,serie-historica-atr-conjuntura,
Apresentação de conjuntura/Backup/Outras versões/ATR_Conjuntura_04.2021.pptx,Apresentação de conjuntura/Backup/Outras versões,ATR_Conjuntura_04.2021.pptx,pptx,26948394,2026-09-22T11:18:51Z,eb1761eb6ad09f2f4fe0c0dc091f41a6,apresentação de conjuntura,P3,BACKUP_APARENTE,serie-historica-atr-conjuntura,
Apresentação de conjuntura/Backup/Outras versões/ATR_Conjuntura_05.2021 (2).pptx,Apresentação de conjuntura/Backup/Outras versões,ATR_Conjuntura_05.2021 (2).pptx,pptx,606332,2026-09-22T11:18:52Z,9e07deacbeebb02caff5d453496edb1e,apresentação de conjuntura,P4,POSSIVEL_VERSAO;BACKUP_APARENTE,serie-historica-atr-conjuntura,
Apresentação de conjuntura/Backup/Outras versões/ATR_Conjuntura_05.2021.pptx,Apresentação de conjuntura/Backup/Outras versões,ATR_Conjuntura_05.2021.pptx,pptx,51596083,2026-09-22T11:18:52Z,01b9425b1cef831a66e4430624e065fa,apresentação de conjuntura,P3,POSSIVEL_VERSAO;BACKUP_APARENTE,serie-historica-atr-conjuntura,
Apresentação de conjuntura/Backup/Outras versões/ATR_Conjuntura_06.2020.pptx,Apresentação de conjuntura/Backup/Outras versões,ATR_Conjuntura_06.2020.pptx,pptx,16184942,2026-09-22T11:18:50Z,1a2968f7df18d62beaf489e307f4c1e6,apresentação de conjuntura,P3,BACKUP_APARENTE,serie-historica-atr-conjuntura,
Apresentação de conjuntura/Backup/Outras versões/ATR_Conjuntura_06.2021 (2).pptx,Apresentação de conjuntura/Backup/Outras versões,ATR_Conjuntura_06.2021 (2).pptx,pptx,582498,2026-09-22T11:18:52Z,60fbe44a81e390278cf300172fa9aa6d,apresentação de conjuntura,P4,POSSIVEL_VERSAO;BACKUP_APARENTE,serie-historica-atr-conjuntura,
Apresentação de conjuntura/Backup/Outras versões/ATR_Conjuntura_06.2021.pptx,Apresentação de conjuntura/Backup/Outras versões,ATR_Conjuntura_06.2021.pptx,pptx,615575,2026-09-22T11:18:52Z,f1c8b839d907bb3c37b69d66586b272a,apresentação de conjuntura,P3,POSSIVEL_VERSAO;BACKUP_APARENTE,serie-historica-atr-conjuntura,
Apresentação de conjuntura/Backup/Outras versões/ATR_Conjuntura_07.2020.pptx,Apresentação de conjuntura/Backup/Outras versões,ATR_Conjuntura_07.2020.pptx,pptx,19170719,2026-09-22T11:18:46Z,fc4c8ba75f7f09b96d654ea5e9209c95,apresentação de conjuntura,P3,BACKUP_APARENTE,serie-historica-atr-conjuntura,
Apresentação de conjuntura/Backup/Outras versões/ATR_Conjuntura_07.2021 (3).pptx,Apresentação de conjuntura/Backup/Outras versões,ATR_Conjuntura_07.2021 (3).pptx,pptx,582635,2026-09-22T11:18:52Z,bf7b69a90c9e8c6a7e298074ad127d90,apresentação de conjuntura,P4,POSSIVEL_VERSAO;BACKUP_APARENTE,serie-historica-atr-conjuntura,
Apresentação de conjuntura/Backup/Outras versões/ATR_Conjuntura_07.2021.pptx,Apresentação de conjuntura/Backup/Outras versões,ATR_Conjuntura_07.2021.pptx,pptx,582960,2026-09-22T11:18:52Z,9859eebb99a61a8d595499c90f072a9e,apresentação de conjuntura,P3,POSSIVEL_VERSAO;BACKUP_APARENTE,serie-historica-atr-conjuntura,
Apresentação de conjuntura/Backup/Outras versões/ATR_Conjuntura_08.2020 (2).pptx,Apresentação de conjuntura/Backup/Outras versões,ATR_Conjuntura_08.2020 (2).pptx,pptx,607986,2026-09-22T11:18:52Z,a88d2bb2768b46b72913ea78a16fe2f2,apresentação de conjuntura,P4,POSSIVEL_VERSAO;BACKUP_APARENTE,serie-historica-atr-conjuntura,
Apresentação de conjuntura/Backup/Outras versões/ATR_Conjuntura_08.2020 (3).pptx,Apresentação de conjuntura/Backup/Outras versões,ATR_Conjuntura_08.2020 (3).pptx,pptx,607990,2026-09-22T11:18:52Z,e6ff0b77cfa5fdf0e4201212c6a650f5,apresentação de conjuntura,P4,POSSIVEL_VERSAO;BACKUP_APARENTE,serie-historica-atr-conjuntura,
Apresentação de conjuntura/Backup/Outras versões/ATR_Conjuntura_08.2020.pptx,Apresentação de conjuntura/Backup/Outras versões,ATR_Conjuntura_08.2020.pptx,pptx,10499696,2026-09-22T11:18:46Z,6665d065ae3086c8443b2bb606209631,apresentação de conjuntura,P3,POSSIVEL_VERSAO;BACKUP_APARENTE,serie-historica-atr-conjuntura,
Apresentação de conjuntura/Backup/Outras versões/ATR_Conjuntura_09.2020.pptx,Apresentação de conjuntura/Backup/Outras versões,ATR_Conjuntura_09.2020.pptx,pptx,24169593,2026-09-22T11:18:49Z,eb17dc9c9094b3368244d8dc6f2ff794,apresentação de conjuntura,P3,BACKUP_APARENTE,serie-historica-atr-conjuntura,
Apresentação de conjuntura/Backup/Outras versões/ATR_Conjuntura_09.2021 (2).pptx,Apresentação de conjuntura/Backup/Outras versões,ATR_Conjuntura_09.2021 (2).pptx,pptx,564497,2026-09-22T11:18:52Z,bfd277eeab726489fcb5b81a1d57263a,apresentação de conjuntura,P4,BACKUP_APARENTE,serie-historica-atr-conjuntura,
Apresentação de conjuntura/Backup/Outras versões/ATR_Conjuntura_10.2020.pptx,Apresentação de conjuntura/Backup/Outras versões,ATR_Conjuntura_10.2020.pptx,pptx,25386460,2026-09-22T11:18:49Z,feed17eed4e11d0a242140a063102c5e,apresentação de conjuntura,P3,BACKUP_APARENTE,serie-historica-atr-conjuntura,
Apresentação de conjuntura/Backup/Outras versões/ATR_Conjuntura_11.2020.pptx,Apresentação de conjuntura/Backup/Outras versões,ATR_Conjuntura_11.2020.pptx,pptx,34610583,2026-09-22T11:18:50Z,4c9abdefa06beeb12e2ced6793beef1d,apresentação de conjuntura,P3,BACKUP_APARENTE,serie-historica-atr-conjuntura,
Apresentação de conjuntura/Backup/Outras versões/ATR_Conjuntura_2021.11.19.pptx,Apresentação de conjuntura/Backup/Outras versões,ATR_Conjuntura_2021.11.19.pptx,pptx,573321,2026-09-22T11:18:52Z,72885855a20f64ba0315a2f51d38f7b4,apresentação de conjuntura,P3,BACKUP_APARENTE,serie-historica-atr-conjuntura,
Apresentação de conjuntura/Backup/Outras versões/ATR_Conjuntura_2021.12.14.pptx,Apresentação de conjuntura/Backup/Outras versões,ATR_Conjuntura_2021.12.14.pptx,pptx,587826,2026-09-22T11:18:52Z,f51835d59e8afde496bd824a8aa3cffa,apresentação de conjuntura,P3,BACKUP_APARENTE,serie-historica-atr-conjuntura,
Apresentação de conjuntura/Backup/Outras versões/ATR_Conjuntura_2022.01.21 (2).pptx,Apresentação de conjuntura/Backup/Outras versões,ATR_Conjuntura_2022.01.21 (2).pptx,pptx,591000,2026-09-22T11:18:52Z,da389791e7eb023d0cdb4c27392c54cd,apresentação de conjuntura,P4,POSSIVEL_VERSAO;BACKUP_APARENTE,serie-historica-atr-conjuntura,
Apresentação de conjuntura/Backup/Outras versões/ATR_Conjuntura_2022.01.21 (3).pptx,Apresentação de conjuntura/Backup/Outras versões,ATR_Conjuntura_2022.01.21 (3).pptx,pptx,591004,2026-09-22T11:18:52Z,9e5ed8d8895e9c0a9b87eb496990c2a4,apresentação de conjuntura,P4,POSSIVEL_VERSAO;BACKUP_APARENTE,serie-historica-atr-conjuntura,
Apresentação de conjuntura/Backup/Outras versões/ATR_Conjuntura_2022.01.21.pptx,Apresentação de conjuntura/Backup/Outras versões,ATR_Conjuntura_2022.01.21.pptx,pptx,591001,2026-09-22T11:18:52Z,697f75e986c7ab1afc579b46a7c1c510,apresentação de conjuntura,P3,POSSIVEL_VERSAO;BACKUP_APARENTE,serie-historica-atr-conjuntura,
Apresentação de conjuntura/Backup/Outras versões/ATR_Conjuntura_2022.03 (2).pptx,Apresentação de conjuntura/Backup/Outras versões,ATR_Conjuntura_2022.03 (2).pptx,pptx,643628,2026-09-22T11:18:52Z,60886734f5df6d6e08319db45d6b2ca1,apresentação de conjuntura,P4,POSSIVEL_VERSAO;BACKUP_APARENTE,serie-historica-atr-conjuntura,
Apresentação de conjuntura/Backup/Outras versões/ATR_Conjuntura_2022.03 (3).pptx,Apresentação de conjuntura/Backup/Outras versões,ATR_Conjuntura_2022.03 (3).pptx,pptx,643620,2026-09-22T11:18:52Z,896a76508b7a1fd2d81488c85d7160f3,apresentação de conjuntura,P4,POSSIVEL_VERSAO;BACKUP_APARENTE,serie-historica-atr-conjuntura,
Apresentação de conjuntura/Backup/Outras versões/ATR_Conjuntura_2022.03 (4).pptx,Apresentação de conjuntura/Backup/Outras versões,ATR_Conjuntura_2022.03 (4).pptx,pptx,643629,2026-09-22T11:18:52Z,054d01849cd2abeacd3c19f8ad9ca34e,apresentação de conjuntura,P4,POSSIVEL_VERSAO;BACKUP_APARENTE,serie-historica-atr-conjuntura,
Apresentação de conjuntura/Backup/Outras versões/ATR_Conjuntura_2022.03 (5).pptx,Apresentação de conjuntura/Backup/Outras versões,ATR_Conjuntura_2022.03 (5).pptx,pptx,643635,2026-09-22T11:18:52Z,602443e724e48b7851f0bb136c4cbd29,apresentação de conjuntura,P4,POSSIVEL_VERSAO;BACKUP_APARENTE,serie-historica-atr-conjuntura,
Apresentação de conjuntura/Backup/Outras versões/ATR_Conjuntura_2022.03.pptx,Apresentação de conjuntura/Backup/Outras versões,ATR_Conjuntura_2022.03.pptx,pptx,844946,2026-09-22T11:18:52Z,9573450d2acfd5becf10078c0d8b48ce,apresentação de conjuntura,P3,POSSIVEL_VERSAO;BACKUP_APARENTE,serie-historica-atr-conjuntura,
Apresentação de conjuntura/Backup/Outras versões/ATR_Conjuntura_2022.05 (2).pptx,Apresentação de conjuntura/Backup/Outras versões,ATR_Conjuntura_2022.05 (2).pptx,pptx,1250712,2026-09-22T11:18:52Z,a8b11adbeed57d0d9aaf730ac5400aed,apresentação de conjuntura,P4,POSSIVEL_VERSAO;BACKUP_APARENTE,serie-historica-atr-conjuntura,
Apresentação de conjuntura/Backup/Outras versões/ATR_Conjuntura_2022.05 (3).pptx,Apresentação de conjuntura/Backup/Outras versões,ATR_Conjuntura_2022.05 (3).pptx,pptx,1250715,2026-09-22T11:18:52Z,2a555fe6cafcf1fbfdb65a5119aa2970,apresentação de conjuntura,P4,POSSIVEL_VERSAO;BACKUP_APARENTE,serie-historica-atr-conjuntura,
Apresentação de conjuntura/Backup/Outras versões/ATR_Conjuntura_2022.05 (4).pptx,Apresentação de conjuntura/Backup/Outras versões,ATR_Conjuntura_2022.05 (4).pptx,pptx,1250720,2026-09-22T11:18:52Z,56487165bd4bc8e1442e2a2387c0de0f,apresentação de conjuntura,P4,POSSIVEL_VERSAO;BACKUP_APARENTE,serie-historica-atr-conjuntura,
Apresentação de conjuntura/Backup/Outras versões/ATR_Conjuntura_2022.05 (5).pptx,Apresentação de conjuntura/Backup/Outras versões,ATR_Conjuntura_2022.05 (5).pptx,pptx,1250716,2026-09-22T11:18:53Z,b1f2948416f160ba679f6f3a13e06f9e,apresentação de conjuntura,P4,POSSIVEL_VERSAO;BACKUP_APARENTE,serie-historica-atr-conjuntura,
Apresentação de conjuntura/Backup/Outras versões/ATR_Conjuntura_2022.05.pdf,Apresentação de conjuntura/Backup/Outras versões,ATR_Conjuntura_2022.05.pdf,pdf,1726405,2026-09-22T11:18:52Z,f6f9ea832aec6a6147879eb47660539b,apresentação de conjuntura,P3,POSSIVEL_VERSAO;BACKUP_APARENTE,serie-historica-atr-conjuntura,
Apresentação de conjuntura/Backup/Outras versões/ATR_Conjuntura_2022.05.pptx,Apresentação de conjuntura/Backup/Outras versões,ATR_Conjuntura_2022.05.pptx,pptx,1250699,2026-09-22T11:18:52Z,7adb6b3c114c732ebfc50e2b95f11edd,apresentação de conjuntura,P3,POSSIVEL_VERSAO;BACKUP_APARENTE,serie-historica-atr-conjuntura,
Apresentação de conjuntura/Backup/Outras versões/ATR_Conjuntura_2022.08.pptx,Apresentação de conjuntura/Backup/Outras versões,ATR_Conjuntura_2022.08.pptx,pptx,7371425,2026-09-22T11:18:53Z,4539cca2d0c3971b4e2428f2dc8b6be8,apresentação de conjuntura,P3,BACKUP_APARENTE,serie-historica-atr-conjuntura,
Apresentação de conjuntura/Backup/Outras versões/ATR_Conjuntura_2022.09.pdf,Apresentação de conjuntura/Backup/Outras versões,ATR_Conjuntura_2022.09.pdf,pdf,1407302,2026-09-22T11:18:53Z,902782066d9a0469d0a2da2d5b0ec392,apresentação de conjuntura,P3,POSSIVEL_VERSAO;BACKUP_APARENTE,serie-historica-atr-conjuntura,
Apresentação de conjuntura/Backup/Outras versões/ATR_Conjuntura_2022.09.pptx,Apresentação de conjuntura/Backup/Outras versões,ATR_Conjuntura_2022.09.pptx,pptx,922120,2026-09-22T11:18:53Z,a91f5ba5bfaefdd94854b89a6e6463d9,apresentação de conjuntura,P3,POSSIVEL_VERSAO;BACKUP_APARENTE,serie-historica-atr-conjuntura,
Apresentação de conjuntura/Backup/Outras versões/ATR_Conjuntura_2022.10.pptx,Apresentação de conjuntura/Backup/Outras versões,ATR_Conjuntura_2022.10.pptx,pptx,825337,2026-09-22T11:18:53Z,14494ce156d0b6a47f91af23dea9e839,apresentação de conjuntura,P3,BACKUP_APARENTE,serie-historica-atr-conjuntura,
Apresentação de conjuntura/Backup/Outras versões/ATR_Conjuntura_2023.01 (2).pptx,Apresentação de conjuntura/Backup/Outras versões,ATR_Conjuntura_2023.01 (2).pptx,pptx,643816,2026-09-22T11:18:53Z,72bb5a5f6b8674bb9be407f96615d466,apresentação de conjuntura,P4,POSSIVEL_VERSAO;BACKUP_APARENTE,serie-historica-atr-conjuntura,
Apresentação de conjuntura/Backup/Outras versões/ATR_Conjuntura_2023.01.pptx,Apresentação de conjuntura/Backup/Outras versões,ATR_Conjuntura_2023.01.pptx,pptx,643764,2026-09-22T11:18:53Z,011d7530956d5001f60375088373c4d5,apresentação de conjuntura,P3,POSSIVEL_VERSAO;BACKUP_APARENTE,serie-historica-atr-conjuntura,
Apresentação de conjuntura/Backup/Outras versões/ATR_Conjuntura_2023.03.pptx,Apresentação de conjuntura/Backup/Outras versões,ATR_Conjuntura_2023.03.pptx,pptx,27946250,2026-09-22T11:18:53Z,d625fb99134b9d452855c19f47ad782d,apresentação de conjuntura,P3,BACKUP_APARENTE,serie-historica-atr-conjuntura,
Apresentação de conjuntura/Backup/Outras versões/ATR_Conjuntura_2023.09.pptx,Apresentação de conjuntura/Backup/Outras versões,ATR_Conjuntura_2023.09.pptx,pptx,649496,2026-09-22T11:18:53Z,5de2b0916c9a2b5fb4bd99a0fe3f424f,apresentação de conjuntura,P3,BACKUP_APARENTE,serie-historica-atr-conjuntura,
Apresentação de conjuntura/Backup/Outras versões/ATR_Conjuntura_2023.10.pptx,Apresentação de conjuntura/Backup/Outras versões,ATR_Conjuntura_2023.10.pptx,pptx,631511,2026-09-22T11:18:53Z,abdc772e460cef4742fd74669d478849,apresentação de conjuntura,P3,BACKUP_APARENTE,serie-historica-atr-conjuntura,
Apresentação de conjuntura/Backup/Outras versões/ATR_Conjuntura_2023.12.pptx,Apresentação de conjuntura/Backup/Outras versões,ATR_Conjuntura_2023.12.pptx,pptx,753293,2026-09-22T11:18:53Z,ac89854621fdea37d668d1b4822652f1,apresentação de conjuntura,P3,BACKUP_APARENTE,serie-historica-atr-conjuntura,
Apresentação de conjuntura/Backup/Outras versões/ATR_Conjuntura_2024.02.pptx,Apresentação de conjuntura/Backup/Outras versões,ATR_Conjuntura_2024.02.pptx,pptx,752172,2026-09-22T11:18:53Z,30af54da9d6632920d397be7f313b4c3,apresentação de conjuntura,P3,BACKUP_APARENTE,serie-historica-atr-conjuntura,
Apresentação de conjuntura/Backup/Outras versões/ATR_Reforma trabalhista_dezembro2021 (2).ppt,Apresentação de conjuntura/Backup/Outras versões,ATR_Reforma trabalhista_dezembro2021 (2).ppt,ppt,4834304,2026-09-22T11:18:54Z,97e528da34ab5583401a5acf4f3961b3,reforma trabalhista,P4,POSSIVEL_VERSAO;BACKUP_APARENTE,reforma-trabalhista-dez2021,
Apresentação de conjuntura/Backup/Outras versões/ATR_Reforma trabalhista_dezembro2021 (2).pptx,Apresentação de conjuntura/Backup/Outras versões,ATR_Reforma trabalhista_dezembro2021 (2).pptx,pptx,3730265,2026-09-22T11:18:53Z,72b45ada36bc403cd781724653872dae,reforma trabalhista,P4,POSSIVEL_VERSAO;BACKUP_APARENTE,reforma-trabalhista-dez2021,
Apresentação de conjuntura/Backup/Outras versões/ATR_Reforma trabalhista_dezembro2021 (3).pptx,Apresentação de conjuntura/Backup/Outras versões,ATR_Reforma trabalhista_dezembro2021 (3).pptx,pptx,3634114,2026-09-22T11:18:53Z,10d60fd3fa07c67a929b7810435f04ed,reforma trabalhista,P4,POSSIVEL_VERSAO;BACKUP_APARENTE,reforma-trabalhista-dez2021,
Apresentação de conjuntura/Backup/Outras versões/ATR_Reforma trabalhista_dezembro2021 (4).pptx,Apresentação de conjuntura/Backup/Outras versões,ATR_Reforma trabalhista_dezembro2021 (4).pptx,pptx,3634111,2026-09-22T11:18:54Z,af2c2eae9a475d4edca96c88b22324d7,reforma trabalhista,P4,POSSIVEL_VERSAO;BACKUP_APARENTE,reforma-trabalhista-dez2021,
Apresentação de conjuntura/Backup/Outras versões/ATR_Reforma trabalhista_dezembro2021.odp,Apresentação de conjuntura/Backup/Outras versões,ATR_Reforma trabalhista_dezembro2021.odp,odp,3887500,2026-09-22T11:18:54Z,8fdf8bb6b0f18c55fc9e95408c29e5dd,reforma trabalhista,P3,POSSIVEL_VERSAO;BACKUP_APARENTE,reforma-trabalhista-dez2021,
Apresentação de conjuntura/Backup/Outras versões/ATR_Reforma trabalhista_dezembro2021.ppt,Apresentação de conjuntura/Backup/Outras versões,ATR_Reforma trabalhista_dezembro2021.ppt,ppt,4834304,2026-09-22T11:18:53Z,e6be39e35f5609370be9a2c94cd1312a,reforma trabalhista,P3,POSSIVEL_VERSAO;BACKUP_APARENTE,reforma-trabalhista-dez2021,
Apresentação de conjuntura/Backup/Outras versões/ATR_Reforma trabalhista_dezembro2021.pptx,Apresentação de conjuntura/Backup/Outras versões,ATR_Reforma trabalhista_dezembro2021.pptx,pptx,3634110,2026-09-22T11:18:52Z,7d00ddd9592cb006d713d1eff7f046ce,reforma trabalhista,P3,POSSIVEL_VERSAO;BACKUP_APARENTE,reforma-trabalhista-dez2021,
Apresentação de conjuntura/Backup/Outras versões/Dados/Balanço primeiro semestre 2023.xlsx,Apresentação de conjuntura/Backup/Outras versões/Dados,Balanço primeiro semestre 2023.xlsx,xlsx,147557,2026-09-22T11:18:54Z,3923df9065856697493f87b1ccc843a9,bases e planilhas,P3,BACKUP_APARENTE,snapshot-historico-dados,
Apresentação de conjuntura/Backup/Outras versões/Dados/ICT - Dieese - 202302.xls,Apresentação de conjuntura/Backup/Outras versões/Dados,ICT - Dieese - 202302.xls,xls,61440,2026-09-22T11:18:54Z,9b62f35f4b6cc4de5ef776e8289de02a,bases e planilhas,P3,BACKUP_APARENTE,snapshot-historico-dados,
Apresentação de conjuntura/Backup/Outras versões/Dados/INDATEND 2023_08.xlsx,Apresentação de conjuntura/Backup/Outras versões/Dados,INDATEND 2023_08.xlsx,xlsx,805562,2026-09-22T11:18:54Z,d43f171637c26cbca944b771f80e59d7,indústria,P3,BACKUP_APARENTE,snapshot-historico-dados,
Apresentação de conjuntura/Backup/Outras versões/Dados/Macroeconomia.xlsx,Apresentação de conjuntura/Backup/Outras versões/Dados,Macroeconomia.xlsx,xlsx,50505,2026-09-22T11:18:54Z,aedfd0524fa71eb5b5299130c2c87729,atividade econômica,P3,DUPLICATA_EXATA;POSSIVEL_VERSAO;BACKUP_APARENTE,snapshot-historico-dados,
Apresentação de conjuntura/Backup/Outras versões/Dados/Macroeconomia_2023.12.xlsx,Apresentação de conjuntura/Backup/Outras versões/Dados,Macroeconomia_2023.12.xlsx,xlsx,2741748,2026-09-22T11:18:54Z,a1a0c04349e96024583aee737db8d4bd,atividade econômica,P3,BACKUP_APARENTE,snapshot-historico-dados,
Apresentação de conjuntura/Backup/Outras versões/Dados/Macroeconomia_2024.02.xlsx,Apresentação de conjuntura/Backup/Outras versões/Dados,Macroeconomia_2024.02.xlsx,xlsx,167193,2026-09-22T11:18:54Z,4585078dd9702d29e21ac0a0584924b8,atividade econômica,P3,BACKUP_APARENTE,snapshot-historico-dados,
Apresentação de conjuntura/Backup/Outras versões/Dados/Mercado de Trabalho_2023.2.xlsx,Apresentação de conjuntura/Backup/Outras versões/Dados,Mercado de Trabalho_2023.2.xlsx,xlsx,244884,2026-09-22T11:18:54Z,1ef0a3fdc0d8c72865583cff3b47eb10,bases e planilhas,P3,BACKUP_APARENTE,snapshot-historico-dados,
Apresentação de conjuntura/Backup/Outras versões/Dados/Mercado de Trabalho_2023_01.xlsx,Apresentação de conjuntura/Backup/Outras versões/Dados,Mercado de Trabalho_2023_01.xlsx,xlsx,22892814,2026-09-22T11:18:54Z,cc4c52f1c3130c9f246a53d156339760,bases e planilhas,P3,BACKUP_APARENTE,snapshot-historico-dados,
Apresentação de conjuntura/Backup/Outras versões/Dados/Monetário (3).xlsx,Apresentação de conjuntura/Backup/Outras versões/Dados,Monetário (3).xlsx,xlsx,219021,2026-09-22T11:18:54Z,d04cd1b070e96f90c97637cbdbeebf4f,crédito e juros,P3,POSSIVEL_VERSAO;BACKUP_APARENTE,snapshot-historico-dados,
Apresentação de conjuntura/Backup/Outras versões/Dados/Monetário (6).xlsx,Apresentação de conjuntura/Backup/Outras versões/Dados,Monetário (6).xlsx,xlsx,355641,2026-09-22T11:18:54Z,078ec1110c6e996c2836894767437c9a,crédito e juros,P3,POSSIVEL_VERSAO;BACKUP_APARENTE,snapshot-historico-dados,
Apresentação de conjuntura/Backup/Outras versões/Dados/Monetário.xlsx,Apresentação de conjuntura/Backup/Outras versões/Dados,Monetário.xlsx,xlsx,254051,2026-09-22T11:18:54Z,ac550d3f3cb5a0644758596925a112d5,crédito e juros,P3,DUPLICATA_EXATA;POSSIVEL_VERSAO;BACKUP_APARENTE,snapshot-historico-dados,
Apresentação de conjuntura/Backup/Outras versões/Dados/Novo Caged_2023.07 (2).xlsx,Apresentação de conjuntura/Backup/Outras versões/Dados,Novo Caged_2023.07 (2).xlsx,xlsx,83602,2026-09-22T11:18:54Z,bb1b4c57265cd14dffbd62b813d0c9ec,mercado de trabalho,P3,POSSIVEL_VERSAO;BACKUP_APARENTE,snapshot-historico-dados,
Apresentação de conjuntura/Backup/Outras versões/Dados/Novo Caged_2023.08.xlsx,Apresentação de conjuntura/Backup/Outras versões/Dados,Novo Caged_2023.08.xlsx,xlsx,21182259,2026-09-22T11:18:54Z,840176fbae09d04b846614a1ceb726b0,mercado de trabalho,P3,BACKUP_APARENTE,snapshot-historico-dados,
Apresentação de conjuntura/Backup/Outras versões/Dados/Novo Caged_2023.10.xlsx,Apresentação de conjuntura/Backup/Outras versões/Dados,Novo Caged_2023.10.xlsx,xlsx,489566,2026-09-22T11:18:54Z,d30ab68415ba6b871935ce8897489e9f,mercado de trabalho,P3,BACKUP_APARENTE,snapshot-historico-dados,
Apresentação de conjuntura/Backup/Outras versões/Dados/Outras/202308_Tabelas_de_estatisticas_monetarias_e_de_credito.xlsx,Apresentação de conjuntura/Backup/Outras versões/Dados/Outras,202308_Tabelas_de_estatisticas_monetarias_e_de_credito.xlsx,xlsx,912818,2026-09-22T11:18:55Z,f911b6515d1471ce1411146be0518adc,crédito e juros,P3,BACKUP_APARENTE,snapshot-historico-dados,
Apresentação de conjuntura/Backup/Outras versões/Dados/Outras/230811_cc_60_nota_12_indicador_mensal_mt_junho_23.pdf,Apresentação de conjuntura/Backup/Outras versões/Dados/Outras,230811_cc_60_nota_12_indicador_mensal_mt_junho_23.pdf,pdf,414140,2026-09-22T11:18:55Z,5e0e9fe6e43962afa03e8957b2d23065,a classificar,P3,BACKUP_APARENTE,snapshot-historico-dados,sem evidencia suficiente de categoria por nome/caminho
Apresentação de conjuntura/Backup/Outras versões/Dados/Outras/231003_cc_60_nota_33_visao_geral.pdf,Apresentação de conjuntura/Backup/Outras versões/Dados/Outras,231003_cc_60_nota_33_visao_geral.pdf,pdf,2197271,2026-09-22T11:18:55Z,405c50619a339c8c1e2cfac675c1c34c,a classificar,P3,POSSIVEL_VERSAO;BACKUP_APARENTE,snapshot-historico-dados,sem evidencia suficiente de categoria por nome/caminho
Apresentação de conjuntura/Backup/Outras versões/Dados/Outras/ATR_Conjuntura_2023.05.pptx,Apresentação de conjuntura/Backup/Outras versões/Dados/Outras,ATR_Conjuntura_2023.05.pptx,pptx,674516,2026-09-22T11:18:54Z,f8d58e71cd6bebe7f265d6ce74b6ba6b,apresentação de conjuntura,P3,POSSIVEL_VERSAO;BACKUP_APARENTE,snapshot-historico-dados,
Apresentação de conjuntura/Backup/Outras versões/Dados/Outras/DADOS_2023.csv,Apresentação de conjuntura/Backup/Outras versões/Dados/Outras,DADOS_2023.csv,csv,22429,2026-09-22T11:18:54Z,4615339b32577101f93b4618e4757477,a classificar,P3,BACKUP_APARENTE,snapshot-historico-dados,sem evidencia suficiente de categoria por nome/caminho
Apresentação de conjuntura/Backup/Outras versões/Dados/Outras/Macroeconomia.xlsx,Apresentação de conjuntura/Backup/Outras versões/Dados/Outras,Macroeconomia.xlsx,xlsx,96335,2026-09-22T11:18:55Z,00359146dd4d970927897378545e3edf,atividade econômica,P3,POSSIVEL_VERSAO;BACKUP_APARENTE,snapshot-historico-dados,
Apresentação de conjuntura/Backup/Outras versões/Dados/Outras/Monetário.xlsx,Apresentação de conjuntura/Backup/Outras versões/Dados/Outras,Monetário.xlsx,xlsx,244963,2026-09-22T11:18:55Z,a32961db998a3aa1a8115c049b8a67ef,crédito e juros,P3,POSSIVEL_VERSAO;BACKUP_APARENTE,snapshot-historico-dados,
Apresentação de conjuntura/Backup/Outras versões/Dados/Outras/Nova Tabela Maio 2023 (1).xlsx,Apresentação de conjuntura/Backup/Outras versões/Dados/Outras,Nova Tabela Maio 2023 (1).xlsx,xlsx,168450,2026-09-22T11:18:54Z,b7a82f9ac18329fed90b336da36a3b0f,a classificar,P3,POSSIVEL_VERSAO;BACKUP_APARENTE,snapshot-historico-dados,sem evidencia suficiente de categoria por nome/caminho
Apresentação de conjuntura/Backup/Outras versões/Dados/Outras/Nova Tabela Maio 2023.xlsx,Apresentação de conjuntura/Backup/Outras versões/Dados/Outras,Nova Tabela Maio 2023.xlsx,xlsx,168532,2026-09-22T11:18:55Z,473e1b89cbcb1f61337d311487820e77,a classificar,P3,POSSIVEL_VERSAO;BACKUP_APARENTE,snapshot-historico-dados,sem evidencia suficiente de categoria por nome/caminho
Apresentação de conjuntura/Backup/Outras versões/Dados/Outras/PNAD_2_TRI_2023.xlsx,Apresentação de conjuntura/Backup/Outras versões/Dados/Outras,PNAD_2_TRI_2023.xlsx,xlsx,76546,2026-09-22T11:18:55Z,44d028f1fd8363479876644487609e46,mercado de trabalho,P3,POSSIVEL_VERSAO;BACKUP_APARENTE,snapshot-historico-dados,
Apresentação de conjuntura/Backup/Outras versões/Dados/Outras/Planilha de Simulação de Pagamentos - INSS 2023 - ATUAL - Copia.xls,Apresentação de conjuntura/Backup/Outras versões/Dados/Outras,Planilha de Simulação de Pagamentos - INSS 2023 - ATUAL - Copia.xls,xls,31744,2026-09-22T11:18:55Z,306c5651e7ea3f86e8943bdd8e01a083,a classificar,P3,BACKUP_APARENTE,snapshot-historico-dados,sem evidencia suficiente de categoria por nome/caminho
Apresentação de conjuntura/Backup/Outras versões/Dados/Outras/Relatorio_Series.xls,Apresentação de conjuntura/Backup/Outras versões/Dados/Outras,Relatorio_Series.xls,xls,26112,2026-09-22T11:18:54Z,a2cae6d16d0a68b8e3c7a9eb4c7c51fd,a classificar,P3,BACKUP_APARENTE,snapshot-historico-dados,sem evidencia suficiente de categoria por nome/caminho
Apresentação de conjuntura/Backup/Outras versões/Dados/Outras/SOCIOS ATIVOS JULHO_2023_VF.xlsx,Apresentação de conjuntura/Backup/Outras versões/Dados/Outras,SOCIOS ATIVOS JULHO_2023_VF.xlsx,xlsx,562532,2026-09-22T11:18:55Z,38510c3a28608f7a391d9b78f14bea13,a classificar,P3,BACKUP_APARENTE,snapshot-historico-dados,sem evidencia suficiente de categoria por nome/caminho
Apresentação de conjuntura/Backup/Outras versões/Dados/Outras/STP-20230829170953959.csv,Apresentação de conjuntura/Backup/Outras versões/Dados/Outras,STP-20230829170953959.csv,csv,272,2026-09-22T11:18:55Z,f34a3f2eee64a0cd462b69964a3fd4bc,a classificar,P3,BACKUP_APARENTE,snapshot-historico-dados,sem evidencia suficiente de categoria por nome/caminho
Apresentação de conjuntura/Backup/Outras versões/Dados/Outras/Tabela 4093.xlsx,Apresentação de conjuntura/Backup/Outras versões/Dados/Outras,Tabela 4093.xlsx,xlsx,10914,2026-09-22T11:18:55Z,b6142e7442d029f1f535e727d5842280,a classificar,P3,BACKUP_APARENTE,snapshot-historico-dados,sem evidencia suficiente de categoria por nome/caminho
Apresentação de conjuntura/Backup/Outras versões/Dados/Outras/Tabela 5440 (1).xlsx,Apresentação de conjuntura/Backup/Outras versões/Dados/Outras,Tabela 5440 (1).xlsx,xlsx,6089,2026-09-22T11:18:55Z,0f16d89f6189f7c492097595d084aa65,a classificar,P3,POSSIVEL_VERSAO;BACKUP_APARENTE,snapshot-historico-dados,sem evidencia suficiente de categoria por nome/caminho
Apresentação de conjuntura/Backup/Outras versões/Dados/Outras/Tabela 5440.xlsx,Apresentação de conjuntura/Backup/Outras versões/Dados/Outras,Tabela 5440.xlsx,xlsx,10556,2026-09-22T11:18:55Z,025852239bcaf1c0f509aa3e321e40c3,a classificar,P3,POSSIVEL_VERSAO;BACKUP_APARENTE,snapshot-historico-dados,sem evidencia suficiente de categoria por nome/caminho
Apresentação de conjuntura/Backup/Outras versões/Dados/Outras/Tabela 8688.xlsx,Apresentação de conjuntura/Backup/Outras versões/Dados/Outras,Tabela 8688.xlsx,xlsx,7541,2026-09-22T11:18:55Z,ddc50625d4579d25367e7d7ea994ee76,a classificar,P3,BACKUP_APARENTE,snapshot-historico-dados,sem evidencia suficiente de categoria por nome/caminho
Apresentação de conjuntura/Backup/Outras versões/Dados/Outras/Tabela 8881.xlsx,Apresentação de conjuntura/Backup/Outras versões/Dados/Outras,Tabela 8881.xlsx,xlsx,9608,2026-09-22T11:18:54Z,6232271c73daf04bd5f8a4007d49c1b1,a classificar,P3,BACKUP_APARENTE,snapshot-historico-dados,sem evidencia suficiente de categoria por nome/caminho
Apresentação de conjuntura/Backup/Outras versões/Dados/Outras/Tabela 8888.xlsx,Apresentação de conjuntura/Backup/Outras versões/Dados/Outras,Tabela 8888.xlsx,xlsx,10970,2026-09-22T11:18:55Z,a24684cc9bfe9c5cb967a78485c07ed9,a classificar,P3,BACKUP_APARENTE,snapshot-historico-dados,sem evidencia suficiente de categoria por nome/caminho
Apresentação de conjuntura/Backup/Outras versões/Dados/Outras/chart.csv,Apresentação de conjuntura/Backup/Outras versões/Dados/Outras,chart.csv,csv,6980,2026-09-22T11:18:55Z,5f6d643d3f44355c0db45b188dd70b21,a classificar,P3,BACKUP_APARENTE,snapshot-historico-dados,sem evidencia suficiente de categoria por nome/caminho
Apresentação de conjuntura/Backup/Outras versões/Dados/Outras/mediador - economicas 2023.xlsx,Apresentação de conjuntura/Backup/Outras versões/Dados/Outras,mediador - economicas 2023.xlsx,xlsx,3810592,2026-09-22T11:18:55Z,9ec4ef4a65bd2b43175089e914a2a1d3,a classificar,P3,BACKUP_APARENTE,snapshot-historico-dados,sem evidencia suficiente de categoria por nome/caminho
Apresentação de conjuntura/Backup/Outras versões/Dados/Outras_05.09.2023/3-tabelas.xlsx,Apresentação de conjuntura/Backup/Outras versões/Dados/Outras_05.09.2023,3-tabelas.xlsx,xlsx,27456892,2026-09-22T11:18:55Z,b1346f0feed44b6f37fc094907f03834,a classificar,P3,BACKUP_APARENTE,snapshot-historico-dados,sem evidencia suficiente de categoria por nome/caminho
Apresentação de conjuntura/Backup/Outras versões/Dados/Outras_05.09.2023/ATR_Conjuntura_2023.05.pptx,Apresentação de conjuntura/Backup/Outras versões/Dados/Outras_05.09.2023,ATR_Conjuntura_2023.05.pptx,pptx,831538,2026-09-22T11:18:55Z,2ca63ce384604872ea742bd6a8b175e1,apresentação de conjuntura,P3,POSSIVEL_VERSAO;BACKUP_APARENTE,snapshot-historico-dados,
Apresentação de conjuntura/Backup/Outras versões/Dados/Outras_05.09.2023/Cláusulas_Caderno_sugestões_Projetos.docx,Apresentação de conjuntura/Backup/Outras versões/Dados/Outras_05.09.2023,Cláusulas_Caderno_sugestões_Projetos.docx,docx,25098,2026-09-22T11:18:55Z,1a2cf78dc6d496d73b1a95d984aeb859,a classificar,P3,BACKUP_APARENTE,snapshot-historico-dados,sem evidencia suficiente de categoria por nome/caminho
Apresentação de conjuntura/Backup/Outras versões/Dados/Outras_05.09.2023/Macroeconomia.xlsx,Apresentação de conjuntura/Backup/Outras versões/Dados/Outras_05.09.2023,Macroeconomia.xlsx,xlsx,50505,2026-09-22T11:18:55Z,aedfd0524fa71eb5b5299130c2c87729,atividade econômica,P3,DUPLICATA_EXATA;POSSIVEL_VERSAO;BACKUP_APARENTE,snapshot-historico-dados,
Apresentação de conjuntura/Backup/Outras versões/Dados/Outras_05.09.2023/Macroeconomia_2023.08.30.xlsx,Apresentação de conjuntura/Backup/Outras versões/Dados/Outras_05.09.2023,Macroeconomia_2023.08.30.xlsx,xlsx,527887,2026-09-22T11:18:55Z,66571c40b8d551d981ed29d6f5c059d5,atividade econômica,P3,BACKUP_APARENTE,snapshot-historico-dados,
Apresentação de conjuntura/Backup/Outras versões/Dados/Outras_05.09.2023/Macroeconomia_v3.xlsx,Apresentação de conjuntura/Backup/Outras versões/Dados/Outras_05.09.2023,Macroeconomia_v3.xlsx,xlsx,2128479,2026-09-22T11:18:55Z,9569c72d6e02ee28f748745beedf1be5,atividade econômica,P3,BACKUP_APARENTE,snapshot-historico-dados,
Apresentação de conjuntura/Backup/Outras versões/Dados/Outras_05.09.2023/Monetário (1).xlsx,Apresentação de conjuntura/Backup/Outras versões/Dados/Outras_05.09.2023,Monetário (1).xlsx,xlsx,246180,2026-09-22T11:18:55Z,17f68ea726fc4b76fb6e0980a921bc64,crédito e juros,P3,POSSIVEL_VERSAO;BACKUP_APARENTE,snapshot-historico-dados,
Apresentação de conjuntura/Backup/Outras versões/Dados/Outras_05.09.2023/Monetário.xlsx,Apresentação de conjuntura/Backup/Outras versões/Dados/Outras_05.09.2023,Monetário.xlsx,xlsx,254051,2026-09-22T11:18:55Z,ac550d3f3cb5a0644758596925a112d5,crédito e juros,P3,DUPLICATA_EXATA;POSSIVEL_VERSAO;BACKUP_APARENTE,snapshot-historico-dados,
Apresentação de conjuntura/Backup/Outras versões/Dados/Outras_05.09.2023/Novo Caged_2023.07.xlsx,Apresentação de conjuntura/Backup/Outras versões/Dados/Outras_05.09.2023,Novo Caged_2023.07.xlsx,xlsx,72423,2026-09-22T11:18:55Z,2ad169571d5e29bde61b7b78a2dfa986,mercado de trabalho,P3,POSSIVEL_VERSAO;BACKUP_APARENTE,snapshot-historico-dados,
Apresentação de conjuntura/Backup/Outras versões/Dados/Outras_05.09.2023/PNAD_2_TRI_2023.xlsx,Apresentação de conjuntura/Backup/Outras versões/Dados/Outras_05.09.2023,PNAD_2_TRI_2023.xlsx,xlsx,73800,2026-09-22T11:18:55Z,ab6fa1cebbf3f56ead51955fabe86c28,mercado de trabalho,P3,POSSIVEL_VERSAO;BACKUP_APARENTE,snapshot-historico-dados,
Apresentação de conjuntura/Backup/Outras versões/Dados/Outras_05.09.2023/Setor publico_Conjuntura.xlsx,Apresentação de conjuntura/Backup/Outras versões/Dados/Outras_05.09.2023,Setor publico_Conjuntura.xlsx,xlsx,32972,2026-09-22T11:18:55Z,54dc65928ab9a7742f0ef9d0910f1279,política fiscal,P3,POSSIVEL_VERSAO;BACKUP_APARENTE,snapshot-historico-dados,
Apresentação de conjuntura/Backup/Outras versões/Dados/Outras_05.09.2023/TOTAIS_ACUM.xlsx,Apresentação de conjuntura/Backup/Outras versões/Dados/Outras_05.09.2023,TOTAIS_ACUM.xlsx,xlsx,10404,2026-09-22T11:18:55Z,54999684e2a76347c7d185a5ee8a567b,a classificar,P3,BACKUP_APARENTE,snapshot-historico-dados,sem evidencia suficiente de categoria por nome/caminho
Apresentação de conjuntura/Backup/Outras versões/Dados/Outras_05.09.2023/cn_reaj_2023.08.docx,Apresentação de conjuntura/Backup/Outras versões/Dados/Outras_05.09.2023,cn_reaj_2023.08.docx,docx,32048,2026-09-22T11:18:55Z,d5a8de99fc56cc8307b47af8a5064c34,a classificar,P3,BACKUP_APARENTE,snapshot-historico-dados,sem evidencia suficiente de categoria por nome/caminho
Apresentação de conjuntura/Backup/Outras versões/Dados/Outras_05.09.2023/cn_tabelas 69.xlsx,Apresentação de conjuntura/Backup/Outras versões/Dados/Outras_05.09.2023,cn_tabelas 69.xlsx,xlsx,32525,2026-09-22T11:18:55Z,0aab06b8c4080d20c75ecf6cc41141db,a classificar,P3,BACKUP_APARENTE,snapshot-historico-dados,sem evidencia suficiente de categoria por nome/caminho
Apresentação de conjuntura/Backup/Outras versões/Dados/PIB_2023.03.xlsx,Apresentação de conjuntura/Backup/Outras versões/Dados,PIB_2023.03.xlsx,xlsx,105682,2026-09-22T11:18:54Z,0ea6777b078a8b8f6a2e7961e524a058,atividade econômica,P3,BACKUP_APARENTE,snapshot-historico-dados,
Apresentação de conjuntura/Backup/Outras versões/Dados/PNAD_1_TRI_2023.xlsx,Apresentação de conjuntura/Backup/Outras versões/Dados,PNAD_1_TRI_2023.xlsx,xlsx,61564,2026-09-22T11:18:54Z,3eef029e895702d134848852fe8ef711,mercado de trabalho,P3,BACKUP_APARENTE,snapshot-historico-dados,
Apresentação de conjuntura/Backup/Outras versões/Dados/PNAD_4_TRI.xlsx,Apresentação de conjuntura/Backup/Outras versões/Dados,PNAD_4_TRI.xlsx,xlsx,64160,2026-09-22T11:18:54Z,6f6f80bcb504bfbd63aa1fe3fb4f4ac0,mercado de trabalho,P3,BACKUP_APARENTE,snapshot-historico-dados,
Apresentação de conjuntura/Backup/Outras versões/Dados/Preços - Inflação - 2023.07.11.xlsx,Apresentação de conjuntura/Backup/Outras versões/Dados,Preços - Inflação - 2023.07.11.xlsx,xlsx,258331,2026-09-22T11:18:54Z,8df319b39699e33ab9a12f11957d029a,inflação e custo de vida,P3,BACKUP_APARENTE,snapshot-historico-dados,
Apresentação de conjuntura/Backup/Outras versões/Dados/Preços - Inflação - 2023.12.12.xlsx,Apresentação de conjuntura/Backup/Outras versões/Dados,Preços - Inflação - 2023.12.12.xlsx,xlsx,167297,2026-09-22T11:18:54Z,815bad11c2dc48fb9830bd195dedad47,inflação e custo de vida,P3,BACKUP_APARENTE,snapshot-historico-dados,
Apresentação de conjuntura/Backup/Outras versões/Dados/Preços combustíveis histórico.xlsx,Apresentação de conjuntura/Backup/Outras versões/Dados,Preços combustíveis histórico.xlsx,xlsx,272199,2026-09-22T11:18:54Z,d9c213eb6bf5ad27739aee83a6ec9397,inflação e custo de vida,P3,BACKUP_APARENTE,snapshot-historico-dados,
Apresentação de conjuntura/Backup/Outras versões/Dados/Programação_dados.xlsx,Apresentação de conjuntura/Backup/Outras versões/Dados,Programação_dados.xlsx,xlsx,11244,2026-09-22T11:18:54Z,5ae6602066eafd55e0d65958706a48eb,bases e planilhas,P3,BACKUP_APARENTE,snapshot-historico-dados,
Apresentação de conjuntura/Backup/Outras versões/Dados/Setor publico_Conjuntura.xlsx,Apresentação de conjuntura/Backup/Outras versões/Dados,Setor publico_Conjuntura.xlsx,xlsx,33099,2026-09-22T11:18:54Z,11f4a9de3ec621f34dd087e7dd4d1ccf,política fiscal,P3,POSSIVEL_VERSAO;BACKUP_APARENTE,snapshot-historico-dados,
Apresentação de conjuntura/Backup/Outras versões/Dados_2024.09/Balança Comercial_agosto_2024.xlsx,Apresentação de conjuntura/Backup/Outras versões/Dados_2024.09,Balança Comercial_agosto_2024.xlsx,xlsx,18760,2026-09-22T11:18:55Z,02ceb7f636c46bc0153c18c98587aa62,setor externo,P3,BACKUP_APARENTE,snapshot-2024-09,
Apresentação de conjuntura/Backup/Outras versões/Dados_2024.09/Macroeconomia_2024.02_v3.xlsx,Apresentação de conjuntura/Backup/Outras versões/Dados_2024.09,Macroeconomia_2024.02_v3.xlsx,xlsx,190925,2026-09-22T11:18:55Z,b503c220d7921847234e9abbe1be1851,atividade econômica,P3,BACKUP_APARENTE,snapshot-2024-09,
Apresentação de conjuntura/Backup/Outras versões/Dados_2024.09/Monetário.xlsx,Apresentação de conjuntura/Backup/Outras versões/Dados_2024.09,Monetário.xlsx,xlsx,349041,2026-09-22T11:18:55Z,3b452da673156abb69a74e218f460749,crédito e juros,P3,POSSIVEL_VERSAO;BACKUP_APARENTE,snapshot-2024-09,
Apresentação de conjuntura/Backup/Outras versões/Dados_2024.09/Novo Caged_2024.06.xlsx,Apresentação de conjuntura/Backup/Outras versões/Dados_2024.09,Novo Caged_2024.06.xlsx,xlsx,1431246,2026-09-22T11:18:55Z,1bafed1c3c7ec084d5d16971d2cbc83d,mercado de trabalho,P3,BACKUP_APARENTE,snapshot-2024-09,
Apresentação de conjuntura/Backup/Outras versões/Dados_2024.09/PNAD_2_TRI_2024.xlsx,Apresentação de conjuntura/Backup/Outras versões/Dados_2024.09,PNAD_2_TRI_2024.xlsx,xlsx,83278,2026-09-22T11:18:55Z,db0a7edaebcdc4e87c70dfcd7ea14112,mercado de trabalho,P3,BACKUP_APARENTE,snapshot-2024-09,
Apresentação de conjuntura/Backup/Outras versões/Dados_2024.09/Preços - Inflação - 2024.09.10.xlsx,Apresentação de conjuntura/Backup/Outras versões/Dados_2024.09,Preços - Inflação - 2024.09.10.xlsx,xlsx,167499,2026-09-22T11:18:55Z,072ec6c37b60ab33b99431da393297ea,inflação e custo de vida,P3,BACKUP_APARENTE,snapshot-2024-09,
Apresentação de conjuntura/Backup/Outras versões/Dados_2024.11/11-NOV-14-PNCBA-mapa-out2024-dado.jpg,Apresentação de conjuntura/Backup/Outras versões/Dados_2024.11,11-NOV-14-PNCBA-mapa-out2024-dado.jpg,jpg,360881,2026-09-22T11:18:56Z,912e24417d0928547d2b5c33ebbf13d7,a classificar,P3,BACKUP_APARENTE,snapshot-2024-11,sem evidencia suficiente de categoria por nome/caminho
Apresentação de conjuntura/Backup/Outras versões/Dados_2024.11/Balan Comercial_2024.xlsx,Apresentação de conjuntura/Backup/Outras versões/Dados_2024.11,Balan Comercial_2024.xlsx,xlsx,12866,2026-09-22T11:18:56Z,894a4ebcf11969305197f1c0fdea922c,a classificar,P3,BACKUP_APARENTE,snapshot-2024-11,sem evidencia suficiente de categoria por nome/caminho
Apresentação de conjuntura/Backup/Outras versões/Dados_2024.11/Balança Comercial_novembro_2024.xlsx,Apresentação de conjuntura/Backup/Outras versões/Dados_2024.11,Balança Comercial_novembro_2024.xlsx,xlsx,19279,2026-09-22T11:18:55Z,b3413f5fbfaca7bac0e81b0add2c90c3,setor externo,P3,BACKUP_APARENTE,snapshot-2024-11,
Apresentação de conjuntura/Backup/Outras versões/Dados_2024.11/Boletim ICT-DIEESE - n14 - 2024_2 - Gráficos (1).xlsx,Apresentação de conjuntura/Backup/Outras versões/Dados_2024.11,Boletim ICT-DIEESE - n14 - 2024_2 - Gráficos (1).xlsx,xlsx,36044,2026-09-22T11:18:56Z,ce6e10a0f044677a763815a3c6fa5a8f,documentos institucionais,P3,BACKUP_APARENTE,snapshot-2024-11,
Apresentação de conjuntura/Backup/Outras versões/Dados_2024.11/Dados/122024 - Tabela Tamashiro.xlsx,Apresentação de conjuntura/Backup/Outras versões/Dados_2024.11/Dados,122024 - Tabela Tamashiro.xlsx,xlsx,297143,2026-09-22T11:18:56Z,49e17ba6be7827984b775e5c0f33c7b8,bases e planilhas,P3,BACKUP_APARENTE,snapshot-2024-11,
Apresentação de conjuntura/Backup/Outras versões/Dados_2024.11/Dados/202410_Tabelas_de_estatisticas_monetarias_e_de_credito (1).xlsx,Apresentação de conjuntura/Backup/Outras versões/Dados_2024.11/Dados,202410_Tabelas_de_estatisticas_monetarias_e_de_credito (1).xlsx,xlsx,1045694,2026-09-22T11:18:56Z,8fadad49e49f8ee4bde005231d7ed5bc,crédito e juros,P3,BACKUP_APARENTE,snapshot-2024-11,
Apresentação de conjuntura/Backup/Outras versões/Dados_2024.11/Dados/3-tabelas_setembro de 2024.xlsx,Apresentação de conjuntura/Backup/Outras versões/Dados_2024.11/Dados,3-tabelas_setembro de 2024.xlsx,xlsx,36403256,2026-09-22T11:18:56Z,186e6c6d0fd1c3b68c29b760b0effd59,bases e planilhas,P3,BACKUP_APARENTE,snapshot-2024-11,
Apresentação de conjuntura/Backup/Outras versões/Dados_2024.11/Dados/CANAS 2024_10.xlsm,Apresentação de conjuntura/Backup/Outras versões/Dados_2024.11/Dados,CANAS 2024_10.xlsm,xlsm,158884,2026-09-22T11:18:56Z,b9bbf36d6b86deb59d0d3a4b986743bd,bases e planilhas,P3,BACKUP_APARENTE,snapshot-2024-11,
Apresentação de conjuntura/Backup/Outras versões/Dados_2024.11/Dados/DemonstrReservas_M.xlsx,Apresentação de conjuntura/Backup/Outras versões/Dados_2024.11/Dados,DemonstrReservas_M.xlsx,xlsx,107645,2026-09-22T11:18:56Z,2573b191e773923f52547d6fd5807f45,crédito e juros,P3,POSSIVEL_VERSAO;BACKUP_APARENTE,snapshot-2024-11,
Apresentação de conjuntura/Backup/Outras versões/Dados_2024.11/Dados/ICEI_novembro_2024.xls,Apresentação de conjuntura/Backup/Outras versões/Dados_2024.11/Dados,ICEI_novembro_2024.xls,xls,32768,2026-09-22T11:18:56Z,192f7c7c4cdd886f211a9b66397ed0f4,indústria,P3,BACKUP_APARENTE,snapshot-2024-11,
Apresentação de conjuntura/Backup/Outras versões/Dados_2024.11/Dados/ICEI_transforma_nov_SEM_OUT_2024.xls,Apresentação de conjuntura/Backup/Outras versões/Dados_2024.11/Dados,ICEI_transforma_nov_SEM_OUT_2024.xls,xls,22528,2026-09-22T11:18:56Z,55a8bd510d579604ab88dec1225fab75,indústria,P3,BACKUP_APARENTE,snapshot-2024-11,
Apresentação de conjuntura/Backup/Outras versões/Dados_2024.11/Dados/ICEI_transforma_out_24.xls,Apresentação de conjuntura/Backup/Outras versões/Dados_2024.11/Dados,ICEI_transforma_out_24.xls,xls,697856,2026-09-22T11:18:56Z,d1c5d89d2b808deada06841b7b8e8e8d,indústria,P3,BACKUP_APARENTE,snapshot-2024-11,
Apresentação de conjuntura/Backup/Outras versões/Dados_2024.11/Dados/IGP-DI_FGV_complemento_Nov24.xls,Apresentação de conjuntura/Backup/Outras versões/Dados_2024.11/Dados,IGP-DI_FGV_complemento_Nov24.xls,xls,200192,2026-09-22T11:18:57Z,622b07473a88c152c40501354c1568a3,bases e planilhas,P3,BACKUP_APARENTE,snapshot-2024-11,
Apresentação de conjuntura/Backup/Outras versões/Dados_2024.11/Dados/IGP-DI_FGV_complemento_Out24.xls,Apresentação de conjuntura/Backup/Outras versões/Dados_2024.11/Dados,IGP-DI_FGV_complemento_Out24.xls,xls,199168,2026-09-22T11:18:56Z,2e4209c828c070929f37aaa3c3222c5c,bases e planilhas,P3,BACKUP_APARENTE,snapshot-2024-11,
Apresentação de conjuntura/Backup/Outras versões/Dados_2024.11/Dados/INDATEND 2024_10.xlsx,Apresentação de conjuntura/Backup/Outras versões/Dados_2024.11/Dados,INDATEND 2024_10.xlsx,xlsx,826059,2026-09-22T11:18:56Z,909cb8341e48607419e16d9e47d37b2f,indústria,P3,BACKUP_APARENTE,snapshot-2024-11,
Apresentação de conjuntura/Backup/Outras versões/Dados_2024.11/Dados/NFSP_sem_desvalo.csv,Apresentação de conjuntura/Backup/Outras versões/Dados_2024.11/Dados,NFSP_sem_desvalo.csv,csv,1241,2026-09-22T11:18:56Z,ff83a8ffdcdb51f214227aa5a2efefa8,política fiscal,P3,BACKUP_APARENTE,snapshot-2024-11,
Apresentação de conjuntura/Backup/Outras versões/Dados_2024.11/Dados/PIB_3_tri_2024.pdf,Apresentação de conjuntura/Backup/Outras versões/Dados_2024.11/Dados,PIB_3_tri_2024.pdf,pdf,1803815,2026-09-22T11:18:56Z,ebace40756943e1408ca4f9b5c72dc2f,atividade econômica,P3,BACKUP_APARENTE,snapshot-2024-11,
Apresentação de conjuntura/Backup/Outras versões/Dados_2024.11/Dados/UCI_transforma_set_2024.xlsx,Apresentação de conjuntura/Backup/Outras versões/Dados_2024.11/Dados,UCI_transforma_set_2024.xlsx,xlsx,450691,2026-09-22T11:18:56Z,cb1d9b571c1d40c4082b57742912b9a5,indústria,P3,BACKUP_APARENTE,snapshot-2024-11,
Apresentação de conjuntura/Backup/Outras versões/Dados_2024.11/Dados/comex_acumulado_out_2024.xlsx,Apresentação de conjuntura/Backup/Outras versões/Dados_2024.11/Dados,comex_acumulado_out_2024.xlsx,xlsx,13058,2026-09-22T11:18:56Z,d7d63a323c82886d6706918a47a6959e,setor externo,P3,BACKUP_APARENTE,snapshot-2024-11,
Apresentação de conjuntura/Backup/Outras versões/Dados_2024.11/Dados/consulta_pib_mercado_2024.xlsx,Apresentação de conjuntura/Backup/Outras versões/Dados_2024.11/Dados,consulta_pib_mercado_2024.xlsx,xlsx,6969,2026-09-22T11:18:56Z,eed4234294480e4043f577a0091901ea,atividade econômica,P3,BACKUP_APARENTE,snapshot-2024-11,
Apresentação de conjuntura/Backup/Outras versões/Dados_2024.11/Dados/estatisticas_sec_comercio_2024.xlsx,Apresentação de conjuntura/Backup/Outras versões/Dados_2024.11/Dados,estatisticas_sec_comercio_2024.xlsx,xlsx,10869,2026-09-22T11:18:56Z,b84a75cd21cc52b4ba4c20bdf5cb3f98,bases e planilhas,P3,BACKUP_APARENTE,snapshot-2024-11,
Apresentação de conjuntura/Backup/Outras versões/Dados_2024.11/Dados/inpc_itens_3t_2024.xlsx,Apresentação de conjuntura/Backup/Outras versões/Dados_2024.11/Dados,inpc_itens_3t_2024.xlsx,xlsx,11067,2026-09-22T11:18:56Z,4b834edaeab60f2ec509505540c581ce,inflação e custo de vida,P3,BACKUP_APARENTE,snapshot-2024-11,
Apresentação de conjuntura/Backup/Outras versões/Dados_2024.11/Dados/ipca_acum_12m_11_24.xlsx,Apresentação de conjuntura/Backup/Outras versões/Dados_2024.11/Dados,ipca_acum_12m_11_24.xlsx,xlsx,14673,2026-09-22T11:18:56Z,09204deb31a4aa38d52b661ea1ae1aff,inflação e custo de vida,P3,BACKUP_APARENTE,snapshot-2024-11,
Apresentação de conjuntura/Backup/Outras versões/Dados_2024.11/Dados/macroeconomia_tab10.xlsx,Apresentação de conjuntura/Backup/Outras versões/Dados_2024.11/Dados,macroeconomia_tab10.xlsx,xlsx,7020,2026-09-22T11:18:56Z,153c5028de87f36d75a423d0164ac81a,atividade econômica,P3,BACKUP_APARENTE,snapshot-2024-11,
Apresentação de conjuntura/Backup/Outras versões/Dados_2024.11/Dados/noturno 2024 - trabalhos de curso.xlsx,Apresentação de conjuntura/Backup/Outras versões/Dados_2024.11/Dados,noturno 2024 - trabalhos de curso.xlsx,xlsx,15932,2026-09-22T11:18:56Z,9518970a60fa8e603161656d0b8cfb9d,bases e planilhas,P3,BACKUP_APARENTE,snapshot-2024-11,
Apresentação de conjuntura/Backup/Outras versões/Dados_2024.11/Dados/pimpf_2024.xlsx,Apresentação de conjuntura/Backup/Outras versões/Dados_2024.11/Dados,pimpf_2024.xlsx,xlsx,6685,2026-09-22T11:18:56Z,8c1bdd6dac1e55c490087f2f0d7c8181,indústria,P3,BACKUP_APARENTE,snapshot-2024-11,
Apresentação de conjuntura/Backup/Outras versões/Dados_2024.11/Dados/pimpf_ajustado_2024.xlsx,Apresentação de conjuntura/Backup/Outras versões/Dados_2024.11/Dados,pimpf_ajustado_2024.xlsx,xlsx,7219,2026-09-22T11:18:56Z,70807f6914ba384ed5cb4d59010a36a6,indústria,P3,BACKUP_APARENTE,snapshot-2024-11,
Apresentação de conjuntura/Backup/Outras versões/Dados_2024.11/Dados/pmc_2024.xlsx,Apresentação de conjuntura/Backup/Outras versões/Dados_2024.11/Dados,pmc_2024.xlsx,xlsx,6125,2026-09-22T11:18:56Z,b2f9d940d8163880891ca93ec0109c48,comércio,P3,BACKUP_APARENTE,snapshot-2024-11,
Apresentação de conjuntura/Backup/Outras versões/Dados_2024.11/Dados/pmc_ajustado_2024.xlsx,Apresentação de conjuntura/Backup/Outras versões/Dados_2024.11/Dados,pmc_ajustado_2024.xlsx,xlsx,6298,2026-09-22T11:18:56Z,956d922adf0b5ea5aa38d901461348f5,comércio,P3,BACKUP_APARENTE,snapshot-2024-11,
Apresentação de conjuntura/Backup/Outras versões/Dados_2024.11/Dados/pms_2024.xlsx,Apresentação de conjuntura/Backup/Outras versões/Dados_2024.11/Dados,pms_2024.xlsx,xlsx,6134,2026-09-22T11:18:56Z,f1ca56f016e578907340d825ce6bca78,serviços,P3,BACKUP_APARENTE,snapshot-2024-11,
Apresentação de conjuntura/Backup/Outras versões/Dados_2024.11/Dados/pms_ajustado_2024.xlsx,Apresentação de conjuntura/Backup/Outras versões/Dados_2024.11/Dados,pms_ajustado_2024.xlsx,xlsx,6301,2026-09-22T11:18:56Z,887faf0fd452f4db28efa4b801335c3b,serviços,P3,BACKUP_APARENTE,snapshot-2024-11,
Apresentação de conjuntura/Backup/Outras versões/Dados_2024.11/Dados/pnad_4093_3t_2024.xlsx,Apresentação de conjuntura/Backup/Outras versões/Dados_2024.11/Dados,pnad_4093_3t_2024.xlsx,xlsx,7356,2026-09-22T11:18:56Z,3b4079abfe6db06c14fa549e241e581f,mercado de trabalho,P3,BACKUP_APARENTE,snapshot-2024-11,
Apresentação de conjuntura/Backup/Outras versões/Dados_2024.11/Dados/pnad_4093_regiao_3t_2024.xlsx,Apresentação de conjuntura/Backup/Outras versões/Dados_2024.11/Dados,pnad_4093_regiao_3t_2024.xlsx,xlsx,6172,2026-09-22T11:18:56Z,f7a827d8ec8bb2be220bf612b3ef4d53,mercado de trabalho,P3,BACKUP_APARENTE,snapshot-2024-11,
Apresentação de conjuntura/Backup/Outras versões/Dados_2024.11/Dados/pnad_4094_3t_2024.xlsx,Apresentação de conjuntura/Backup/Outras versões/Dados_2024.11/Dados,pnad_4094_3t_2024.xlsx,xlsx,6114,2026-09-22T11:18:56Z,8ef08cb917ab897d814342324f3198aa,mercado de trabalho,P3,BACKUP_APARENTE,snapshot-2024-11,
Apresentação de conjuntura/Backup/Outras versões/Dados_2024.11/Dados/pnad_4097_3t_2024.xlsx,Apresentação de conjuntura/Backup/Outras versões/Dados_2024.11/Dados,pnad_4097_3t_2024.xlsx,xlsx,10742,2026-09-22T11:18:56Z,29e93f46f5dede6c2e48630b256fb21b,mercado de trabalho,P3,BACKUP_APARENTE,snapshot-2024-11,
Apresentação de conjuntura/Backup/Outras versões/Dados_2024.11/Dados/pnad_5440_3t_2024.xlsx,Apresentação de conjuntura/Backup/Outras versões/Dados_2024.11/Dados,pnad_5440_3t_2024.xlsx,xlsx,6266,2026-09-22T11:18:56Z,7ec3e219140faa11a6fa8cf858096ef3,renda e salários,P3,BACKUP_APARENTE,snapshot-2024-11,
Apresentação de conjuntura/Backup/Outras versões/Dados_2024.11/Dados/pnad_6402_3t_2024.xlsx,Apresentação de conjuntura/Backup/Outras versões/Dados_2024.11/Dados,pnad_6402_3t_2024.xlsx,xlsx,7624,2026-09-22T11:18:56Z,626f0bb63205bebf5a3f2f786dd375bd,mercado de trabalho,P3,BACKUP_APARENTE,snapshot-2024-11,
Apresentação de conjuntura/Backup/Outras versões/Dados_2024.11/Dados/pnad_6461_3t_2024.xlsx,Apresentação de conjuntura/Backup/Outras versões/Dados_2024.11/Dados,pnad_6461_3t_2024.xlsx,xlsx,6862,2026-09-22T11:18:56Z,37463ffed84349bfccec9f960de84fc5,mercado de trabalho,P3,BACKUP_APARENTE,snapshot-2024-11,
Apresentação de conjuntura/Backup/Outras versões/Dados_2024.11/Dados/pnad_6464_3t_2024.xlsx,Apresentação de conjuntura/Backup/Outras versões/Dados_2024.11/Dados,pnad_6464_3t_2024.xlsx,xlsx,6025,2026-09-22T11:18:56Z,770140b8e3d302225b15fe97d282635c,mercado de trabalho,P3,BACKUP_APARENTE,snapshot-2024-11,
Apresentação de conjuntura/Backup/Outras versões/Dados_2024.11/Dados/reserva_inter_dol_11_24.csv,Apresentação de conjuntura/Backup/Outras versões/Dados_2024.11/Dados,reserva_inter_dol_11_24.csv,csv,1589,2026-09-22T11:18:56Z,a59bf3727c8ea3316cc3afb604981c0c,crédito e juros,P3,BACKUP_APARENTE,snapshot-2024-11,
Apresentação de conjuntura/Backup/Outras versões/Dados_2024.11/Dados/t1_macro_4_2024.xlsx,Apresentação de conjuntura/Backup/Outras versões/Dados_2024.11/Dados,t1_macro_4_2024.xlsx,xlsx,5808,2026-09-22T11:18:56Z,fa8e322055022c7a743f8ca73a765312,bases e planilhas,P3,BACKUP_APARENTE,snapshot-2024-11,
Apresentação de conjuntura/Backup/Outras versões/Dados_2024.11/Dados/t2_macro_4_2024.xlsx,Apresentação de conjuntura/Backup/Outras versões/Dados_2024.11/Dados,t2_macro_4_2024.xlsx,xlsx,6983,2026-09-22T11:18:56Z,20a3feaf4d5498d5210dafe0da04a246,bases e planilhas,P3,BACKUP_APARENTE,snapshot-2024-11,
Apresentação de conjuntura/Backup/Outras versões/Dados_2024.11/Dados/t3_macro_4_2024.xlsx,Apresentação de conjuntura/Backup/Outras versões/Dados_2024.11/Dados,t3_macro_4_2024.xlsx,xlsx,5618,2026-09-22T11:18:56Z,79d7d73103b9ba81aced976675df52d8,bases e planilhas,P3,BACKUP_APARENTE,snapshot-2024-11,
Apresentação de conjuntura/Backup/Outras versões/Dados_2024.11/Dados/t4_macro_4_2024.xlsx,Apresentação de conjuntura/Backup/Outras versões/Dados_2024.11/Dados,t4_macro_4_2024.xlsx,xlsx,5567,2026-09-22T11:18:56Z,c8f51db9b8771f0df5817e04c92ba9ec,bases e planilhas,P3,BACKUP_APARENTE,snapshot-2024-11,
Apresentação de conjuntura/Backup/Outras versões/Dados_2024.11/Dados/tabela7063.xlsx,Apresentação de conjuntura/Backup/Outras versões/Dados_2024.11/Dados,tabela7063.xlsx,xlsx,6660,2026-09-22T11:18:56Z,92a5a63b446b8dd357cbcceadf545146,bases e planilhas,P3,BACKUP_APARENTE,snapshot-2024-11,
Apresentação de conjuntura/Backup/Outras versões/Dados_2024.11/Dados/taxa_invest.xlsx,Apresentação de conjuntura/Backup/Outras versões/Dados_2024.11/Dados,taxa_invest.xlsx,xlsx,5689,2026-09-22T11:18:56Z,67cd9265661c11727c4de4ed691dda7c,bases e planilhas,P3,BACKUP_APARENTE,snapshot-2024-11,
Apresentação de conjuntura/Backup/Outras versões/Dados_2024.11/Dados/tx_cambio_dolar_nov_2024.csv,Apresentação de conjuntura/Backup/Outras versões/Dados_2024.11/Dados,tx_cambio_dolar_nov_2024.csv,csv,268,2026-09-22T11:18:56Z,c9548f0333862c043657971a05ffa8d0,setor externo,P3,BACKUP_APARENTE,snapshot-2024-11,
Apresentação de conjuntura/Backup/Outras versões/Dados_2024.11/Macroeconomia_2024.11_v4.xlsx,Apresentação de conjuntura/Backup/Outras versões/Dados_2024.11,Macroeconomia_2024.11_v4.xlsx,xlsx,197651,2026-09-22T11:18:55Z,a190420c70461e5691f71dbe286b27bb,atividade econômica,P3,POSSIVEL_VERSAO;BACKUP_APARENTE,snapshot-2024-11,
Apresentação de conjuntura/Backup/Outras versões/Dados_2024.11/Macroeconomia_2024.11_v4_B.xlsx,Apresentação de conjuntura/Backup/Outras versões/Dados_2024.11,Macroeconomia_2024.11_v4_B.xlsx,xlsx,362665,2026-09-22T11:18:56Z,3542b78684196d432b3f2b20c2486139,atividade econômica,P3,BACKUP_APARENTE,snapshot-2024-11,
Apresentação de conjuntura/Backup/Outras versões/Dados_2024.11/Macroeconomia_2024.11_v5.xlsx,Apresentação de conjuntura/Backup/Outras versões/Dados_2024.11,Macroeconomia_2024.11_v5.xlsx,xlsx,196221,2026-09-22T11:18:56Z,30f28bdea6b65db3015a31999c6e3616,atividade econômica,P3,BACKUP_APARENTE,snapshot-2024-11,
Apresentação de conjuntura/Backup/Outras versões/Dados_2024.11/Monetário_2024_11.xlsx,Apresentação de conjuntura/Backup/Outras versões/Dados_2024.11,Monetário_2024_11.xlsx,xlsx,311908,2026-09-22T11:18:55Z,e81b33188463fd16450306e52daf9a4e,crédito e juros,P3,BACKUP_APARENTE,snapshot-2024-11,
Apresentação de conjuntura/Backup/Outras versões/Dados_2024.11/Novo Caged_outubro.xlsx,Apresentação de conjuntura/Backup/Outras versões/Dados_2024.11,Novo Caged_outubro.xlsx,xlsx,61853,2026-09-22T11:18:56Z,eb395bb6697b2ce452d74c3d326373e4,mercado de trabalho,P3,BACKUP_APARENTE,snapshot-2024-11,
Apresentação de conjuntura/Backup/Outras versões/Dados_2024.11/PNAD_3_TRI_2024.xlsx,Apresentação de conjuntura/Backup/Outras versões/Dados_2024.11,PNAD_3_TRI_2024.xlsx,xlsx,84196,2026-09-22T11:18:56Z,0b2087e6391d2ab8d219963bdc8cb5d8,mercado de trabalho,P3,BACKUP_APARENTE,snapshot-2024-11,
Apresentação de conjuntura/Backup/Outras versões/Dados_2024.11/Preços_Inflação_11-24.xlsx,Apresentação de conjuntura/Backup/Outras versões/Dados_2024.11,Preços_Inflação_11-24.xlsx,xlsx,185111,2026-09-22T11:18:56Z,10455f2f6f778f5267b26bc7a45dcb2e,inflação e custo de vida,P3,BACKUP_APARENTE,snapshot-2024-11,
Apresentação de conjuntura/Backup/Outras versões/Dados_2024.11/SERIES_PEIC_ENVIO.xls,Apresentação de conjuntura/Backup/Outras versões/Dados_2024.11,SERIES_PEIC_ENVIO.xls,xls,54784,2026-09-22T11:18:56Z,f8a67887dc4a85e8714dcb7bdfa046ae,a classificar,P3,BACKUP_APARENTE,snapshot-2024-11,sem evidencia suficiente de categoria por nome/caminho
Apresentação de conjuntura/Backup/Outras versões/Dados_2024.11/Setor público_29.11.2024.xlsx,Apresentação de conjuntura/Backup/Outras versões/Dados_2024.11,Setor público_29.11.2024.xlsx,xlsx,41815,2026-09-22T11:18:56Z,10b6d62e8bd42224bf2a3d80e75a0afb,política fiscal,P3,BACKUP_APARENTE,snapshot-2024-11,
Apresentação de conjuntura/Backup/Outras versões/Dados_2024.12/02-FEV-05-MAPA-janeiro-q.jpg,Apresentação de conjuntura/Backup/Outras versões/Dados_2024.12,02-FEV-05-MAPA-janeiro-q.jpg,jpg,342865,2026-09-22T11:18:57Z,2eb93516c43c311f94f1d3e02902b31c,a classificar,P3,BACKUP_APARENTE,snapshot-2024-12,sem evidencia suficiente de categoria por nome/caminho
Apresentação de conjuntura/Backup/Outras versões/Dados_2024.12/CAGED_Dezembro.xlsx,Apresentação de conjuntura/Backup/Outras versões/Dados_2024.12,CAGED_Dezembro.xlsx,xlsx,36038704,2026-09-22T11:18:57Z,2e6fd0ba19a8fc93b0e25b4f707a0c38,mercado de trabalho,P3,BACKUP_APARENTE,snapshot-2024-12,
Apresentação de conjuntura/Backup/Outras versões/Dados_2024.12/Dados/CANAS 2024_12.xlsm,Apresentação de conjuntura/Backup/Outras versões/Dados_2024.12/Dados,CANAS 2024_12.xlsm,xlsm,158478,2026-09-22T11:18:57Z,30986dd36cb72206118e5beb995e8ac9,bases e planilhas,P3,BACKUP_APARENTE,snapshot-2024-12,
Apresentação de conjuntura/Backup/Outras versões/Dados_2024.12/Dados/DemonstrReservas_M.xlsx,Apresentação de conjuntura/Backup/Outras versões/Dados_2024.12/Dados,DemonstrReservas_M.xlsx,xlsx,108122,2026-09-22T11:18:57Z,678d1a3df0ba42d0571c29f027be7cec,crédito e juros,P3,POSSIVEL_VERSAO;BACKUP_APARENTE,snapshot-2024-12,
Apresentação de conjuntura/Backup/Outras versões/Dados_2024.12/Dados/Estatisticas_monetárias_crédito.xlsx,Apresentação de conjuntura/Backup/Outras versões/Dados_2024.12/Dados,Estatisticas_monetárias_crédito.xlsx,xlsx,1057911,2026-09-22T11:18:57Z,348db29e8f6ba37bf7083111f6eb106f,crédito e juros,P3,BACKUP_APARENTE,snapshot-2024-12,
Apresentação de conjuntura/Backup/Outras versões/Dados_2024.12/Dados/INPC - Geral.xlsx,Apresentação de conjuntura/Backup/Outras versões/Dados_2024.12/Dados,INPC - Geral.xlsx,xlsx,8712,2026-09-22T11:18:57Z,708e5efd23e41b5ed63ce7a7c6c3b715,inflação e custo de vida,P3,BACKUP_APARENTE,snapshot-2024-12,
Apresentação de conjuntura/Backup/Outras versões/Dados_2024.12/Dados/INPC - Itens.xlsx,Apresentação de conjuntura/Backup/Outras versões/Dados_2024.12/Dados,INPC - Itens.xlsx,xlsx,8762,2026-09-22T11:18:57Z,f6d8b42c06464ac7e614ebff8e07fe38,inflação e custo de vida,P3,BACKUP_APARENTE,snapshot-2024-12,
Apresentação de conjuntura/Backup/Outras versões/Dados_2024.12/Dados/IPCA - Alimentação e Bebidas.csv,Apresentação de conjuntura/Backup/Outras versões/Dados_2024.12/Dados,IPCA - Alimentação e Bebidas.csv,csv,591,2026-09-22T11:18:57Z,1cc1c7e874d2dcee31681194c0b71c68,inflação e custo de vida,P3,BACKUP_APARENTE,snapshot-2024-12,
Apresentação de conjuntura/Backup/Outras versões/Dados_2024.12/Dados/IPCA - Bens não-duráveis.xlsx,Apresentação de conjuntura/Backup/Outras versões/Dados_2024.12/Dados,IPCA - Bens não-duráveis.xlsx,xlsx,10932,2026-09-22T11:18:57Z,82e741909f274ea12f8d4701de02672b,inflação e custo de vida,P3,BACKUP_APARENTE,snapshot-2024-12,
Apresentação de conjuntura/Backup/Outras versões/Dados_2024.12/Dados/IPCA - Monitorados.csv,Apresentação de conjuntura/Backup/Outras versões/Dados_2024.12/Dados,IPCA - Monitorados.csv,csv,592,2026-09-22T11:18:57Z,f2c16ae2e0cd9cf6a0dd982b3d95c017,inflação e custo de vida,P3,BACKUP_APARENTE,snapshot-2024-12,
Apresentação de conjuntura/Backup/Outras versões/Dados_2024.12/Dados/IPCA - Previsão do Mercado.xls,Apresentação de conjuntura/Backup/Outras versões/Dados_2024.12/Dados,IPCA - Previsão do Mercado.xls,xls,13312,2026-09-22T11:18:57Z,ba3367f2866ff88a8aaf01724ba6bd79,inflação e custo de vida,P3,BACKUP_APARENTE,snapshot-2024-12,
Apresentação de conjuntura/Backup/Outras versões/Dados_2024.12/Dados/IPCA - Serviços.csv,Apresentação de conjuntura/Backup/Outras versões/Dados_2024.12/Dados,IPCA - Serviços.csv,csv,580,2026-09-22T11:18:57Z,4d40de65352e575fc54e33bb8ecbb8f2,inflação e custo de vida,P3,BACKUP_APARENTE,snapshot-2024-12,
Apresentação de conjuntura/Backup/Outras versões/Dados_2024.12/Dados/IPCA - Índice.xlsx,Apresentação de conjuntura/Backup/Outras versões/Dados_2024.12/Dados,IPCA - Índice.xlsx,xlsx,5723,2026-09-22T11:18:57Z,3004bcc58e840215bdf386cb1ce1ed5f,inflação e custo de vida,P3,POSSIVEL_VERSAO;BACKUP_APARENTE,snapshot-2024-12,
Apresentação de conjuntura/Backup/Outras versões/Dados_2024.12/Dados/JUROS_20728.csv,Apresentação de conjuntura/Backup/Outras versões/Dados_2024.12/Dados,JUROS_20728.csv,csv,1673,2026-09-22T11:18:57Z,fb1ba6ad7d813e9f8fabc423fbcf971a,crédito e juros,P3,BACKUP_APARENTE,snapshot-2024-12,
Apresentação de conjuntura/Backup/Outras versões/Dados_2024.12/Dados/JUROS_20742.csv,Apresentação de conjuntura/Backup/Outras versões/Dados_2024.12/Dados,JUROS_20742.csv,csv,323,2026-09-22T11:18:57Z,aee8cfc025d5f9eb3257ea3d35689545,crédito e juros,P3,BACKUP_APARENTE,snapshot-2024-12,
Apresentação de conjuntura/Backup/Outras versões/Dados_2024.12/Dados/JUROS_20747.csv,Apresentação de conjuntura/Backup/Outras versões/Dados_2024.12/Dados,JUROS_20747.csv,csv,324,2026-09-22T11:18:57Z,cca1b957b560e645847dffd42f3b050c,crédito e juros,P3,BACKUP_APARENTE,snapshot-2024-12,
Apresentação de conjuntura/Backup/Outras versões/Dados_2024.12/Dados/JUROS_20749.csv,Apresentação de conjuntura/Backup/Outras versões/Dados_2024.12/Dados,JUROS_20749.csv,csv,313,2026-09-22T11:18:57Z,f8c67d4bdd01260e00ed04b7bc359ca9,crédito e juros,P3,BACKUP_APARENTE,snapshot-2024-12,
Apresentação de conjuntura/Backup/Outras versões/Dados_2024.12/Dados/JUROS_20772.csv,Apresentação de conjuntura/Backup/Outras versões/Dados_2024.12/Dados,JUROS_20772.csv,csv,344,2026-09-22T11:18:57Z,986455f2ecde4c043997dcc87af5e8a5,crédito e juros,P3,BACKUP_APARENTE,snapshot-2024-12,
Apresentação de conjuntura/Backup/Outras versões/Dados_2024.12/Dados/JUROS_22019.csv,Apresentação de conjuntura/Backup/Outras versões/Dados_2024.12/Dados,JUROS_22019.csv,csv,332,2026-09-22T11:18:57Z,803831c43a62b142ed40f306e5e56155,crédito e juros,P3,BACKUP_APARENTE,snapshot-2024-12,
Apresentação de conjuntura/Backup/Outras versões/Dados_2024.12/Dados/JUROS_22022.csv,Apresentação de conjuntura/Backup/Outras versões/Dados_2024.12/Dados,JUROS_22022.csv,csv,330,2026-09-22T11:18:57Z,647e2c36eb9d00f16035660b59c73295,crédito e juros,P3,BACKUP_APARENTE,snapshot-2024-12,
Apresentação de conjuntura/Backup/Outras versões/Dados_2024.12/Dados/NFSP_sem_desvalor_cambial.csv,Apresentação de conjuntura/Backup/Outras versões/Dados_2024.12/Dados,NFSP_sem_desvalor_cambial.csv,csv,1281,2026-09-22T11:18:57Z,bee538787a2e6fb54274fd3cea2fbd2f,política fiscal,P3,BACKUP_APARENTE,snapshot-2024-12,
Apresentação de conjuntura/Backup/Outras versões/Dados_2024.12/Dados/Reserv_Internacional - 2017-2024.csv,Apresentação de conjuntura/Backup/Outras versões/Dados_2024.12/Dados,Reserv_Internacional - 2017-2024.csv,csv,1621,2026-09-22T11:18:57Z,a33b9282addf453d3fc0b0f16ad3d665,bases e planilhas,P3,BACKUP_APARENTE,snapshot-2024-12,
Apresentação de conjuntura/Backup/Outras versões/Dados_2024.12/Dados/tabela_6727.xlsx,Apresentação de conjuntura/Backup/Outras versões/Dados_2024.12/Dados,tabela_6727.xlsx,xlsx,5757,2026-09-22T11:18:57Z,5a9799248cbe51c15bbd82156b11c891,bases e planilhas,P3,BACKUP_APARENTE,snapshot-2024-12,
Apresentação de conjuntura/Backup/Outras versões/Dados_2024.12/Dados/taxa_invest_12_24.xlsx,Apresentação de conjuntura/Backup/Outras versões/Dados_2024.12/Dados,taxa_invest_12_24.xlsx,xlsx,5706,2026-09-22T11:18:57Z,8076ac24b94d5e1d16be1d66e0f10de9,bases e planilhas,P3,BACKUP_APARENTE,snapshot-2024-12,
Apresentação de conjuntura/Backup/Outras versões/Dados_2024.12/Macroeconomia_2024.11_v4.xlsx,Apresentação de conjuntura/Backup/Outras versões/Dados_2024.12,Macroeconomia_2024.11_v4.xlsx,xlsx,225270,2026-09-22T11:18:57Z,ca99086bb8caede809b6d998c35ce34a,atividade econômica,P3,POSSIVEL_VERSAO;BACKUP_APARENTE,snapshot-2024-12,
Apresentação de conjuntura/Backup/Outras versões/Dados_2024.12/Monetário_12_24 (version 1).xlsb.xlsx,Apresentação de conjuntura/Backup/Outras versões/Dados_2024.12,Monetário_12_24 (version 1).xlsb.xlsx,xlsx,341592,2026-09-22T11:18:57Z,28c53a0d2c02d9ddc734775a718214b8,crédito e juros,P3,BACKUP_APARENTE,snapshot-2024-12,
Apresentação de conjuntura/Backup/Outras versões/Dados_2024.12/Monetário_12_24.xlsx,Apresentação de conjuntura/Backup/Outras versões/Dados_2024.12,Monetário_12_24.xlsx,xlsx,413880,2026-09-22T11:18:57Z,efb7306e1a3c00fe90ca661cd54a141b,crédito e juros,P3,BACKUP_APARENTE,snapshot-2024-12,
Apresentação de conjuntura/Backup/Outras versões/Dados_2024.12/Novo Caged_dezembro.xlsx,Apresentação de conjuntura/Backup/Outras versões/Dados_2024.12,Novo Caged_dezembro.xlsx,xlsx,63873,2026-09-22T11:18:57Z,1d39401f78880e2b1bed7e47b88b0fad,mercado de trabalho,P3,BACKUP_APARENTE,snapshot-2024-12,
Apresentação de conjuntura/Backup/Outras versões/Dados_2024.12/PIB X Selic.xlsx,Apresentação de conjuntura/Backup/Outras versões/Dados_2024.12,PIB X Selic.xlsx,xlsx,83718,2026-09-22T11:18:57Z,5f984fcc9701cec8255e0ee16d007b04,atividade econômica,P3,BACKUP_APARENTE,snapshot-2024-12,
Apresentação de conjuntura/Backup/Outras versões/Dados_2024.12/Preços_Inflação_12-24.xlsx,Apresentação de conjuntura/Backup/Outras versões/Dados_2024.12,Preços_Inflação_12-24.xlsx,xlsx,125092,2026-09-22T11:18:57Z,cec829ecdea579de0e7a2ad600a5277b,inflação e custo de vida,P3,BACKUP_APARENTE,snapshot-2024-12,
Apresentação de conjuntura/Backup/Outras versões/Índice de Commodities .xlsx,Apresentação de conjuntura/Backup/Outras versões,Índice de Commodities .xlsx,xlsx,29253,2026-09-22T11:18:53Z,a235676601668289bc968b13654f793c,atividade econômica,P3,BACKUP_APARENTE,serie-historica-atr-conjuntura,
Apresentação de conjuntura/Backup/Setembro 2025/ATR_Conjuntura_2025.09.pptx,Apresentação de conjuntura/Backup/Setembro 2025,ATR_Conjuntura_2025.09.pptx,pptx,837334,2026-09-22T11:18:57Z,493b993e573d32f1223355b2928352eb,apresentação de conjuntura,P2,BACKUP_APARENTE,snapshot-2025-09,
Apresentação de conjuntura/Backup/Setembro 2025/Apresentação_Conjuntura_09-25 (2).xlsx,Apresentação de conjuntura/Backup/Setembro 2025,Apresentação_Conjuntura_09-25 (2).xlsx,xlsx,450489,2026-09-22T11:18:57Z,21395773bf255697bbebe6636169a762,análise de conjuntura,P2,POSSIVEL_VERSAO;BACKUP_APARENTE,snapshot-2025-09,
Apresentação de conjuntura/Backup/Setembro 2025/Apresentação_Conjuntura_09-25.xlsx,Apresentação de conjuntura/Backup/Setembro 2025,Apresentação_Conjuntura_09-25.xlsx,xlsx,490133,2026-09-22T11:18:57Z,f64b0cd832d29c9fa8b9ace919786121,análise de conjuntura,P2,POSSIVEL_VERSAO;BACKUP_APARENTE,snapshot-2025-09,
dieese/Apresentação_Conjuntura_4T_2025 (2).xlsx,dieese,Apresentação_Conjuntura_4T_2025 (2).xlsx,xlsx,750393,2026-09-22T10:17:43Z,a2ed2efdac96da4a52de12059fa5ba85,análise de conjuntura,P1,POSSIVEL_VERSAO,conjuntura-4T2025-atual,localizado fora da pasta de trabalho corrente; possivel copia/versao anterior de Apresentacao_Conjuntura_4T_2025
